name	term	lev	seq	value
"nuclear protein-containing complex"	GO:0140513	2	SPU_000544	0.00688083
"nuclear protein-containing complex"	GO:0140513	2	SPU_000879	0.004531191
"nuclear protein-containing complex"	GO:0140513	2	SPU_000900	-0.085514645
"nuclear protein-containing complex"	GO:0140513	2	SPU_001146	0.004733659
"nuclear protein-containing complex"	GO:0140513	2	SPU_001308	-0.299681453
"nuclear protein-containing complex"	GO:0140513	2	SPU_001512	-0.0034677
"nuclear protein-containing complex"	GO:0140513	2	SPU_002619	0.157981472
"nuclear protein-containing complex"	GO:0140513	2	SPU_003075	-0.643282203
"nuclear protein-containing complex"	GO:0140513	2	SPU_003197	-0.528349941
"nuclear protein-containing complex"	GO:0140513	2	SPU_003282	0.167612328
"nuclear protein-containing complex"	GO:0140513	2	SPU_003573	0.484263089
"nuclear protein-containing complex"	GO:0140513	2	SPU_003868	-0.154020938
"nuclear protein-containing complex"	GO:0140513	2	SPU_004393	0.193858721
"nuclear protein-containing complex"	GO:0140513	2	SPU_004635	-0.092853371
"nuclear protein-containing complex"	GO:0140513	2	SPU_004782	0.337724845
"nuclear protein-containing complex"	GO:0140513	2	SPU_004889	0.021430803
"nuclear protein-containing complex"	GO:0140513	2	SPU_005190	-0.235254321
"nuclear protein-containing complex"	GO:0140513	2	SPU_005276	0.47711611
"nuclear protein-containing complex"	GO:0140513	2	SPU_005644	0.014421273
"nuclear protein-containing complex"	GO:0140513	2	SPU_005659	0.044955683
"nuclear protein-containing complex"	GO:0140513	2	SPU_005944	0.009081203
"nuclear protein-containing complex"	GO:0140513	2	SPU_006379	0.203821556
"nuclear protein-containing complex"	GO:0140513	2	SPU_006396	-0.540988008
"nuclear protein-containing complex"	GO:0140513	2	SPU_006861	0.042495893
"nuclear protein-containing complex"	GO:0140513	2	SPU_007187	-1.329703348
"nuclear protein-containing complex"	GO:0140513	2	SPU_007377	0.405160651
"nuclear protein-containing complex"	GO:0140513	2	SPU_007799	0.269828538
"nuclear protein-containing complex"	GO:0140513	2	SPU_008018	0.519669601
"nuclear protein-containing complex"	GO:0140513	2	SPU_008533	1.40610667
"nuclear protein-containing complex"	GO:0140513	2	SPU_008590	-0.428129458
"nuclear protein-containing complex"	GO:0140513	2	SPU_008840	0.035460658
"nuclear protein-containing complex"	GO:0140513	2	SPU_009115	0.453371815
"nuclear protein-containing complex"	GO:0140513	2	SPU_009213	-0.572500546
"nuclear protein-containing complex"	GO:0140513	2	SPU_009345	-0.07699053
"nuclear protein-containing complex"	GO:0140513	2	SPU_009602	1.084515325
"nuclear protein-containing complex"	GO:0140513	2	SPU_009651	-0.419292886
"nuclear protein-containing complex"	GO:0140513	2	SPU_010339	-0.373293472
"nuclear protein-containing complex"	GO:0140513	2	SPU_011091	-0.042511278
"nuclear protein-containing complex"	GO:0140513	2	SPU_011658	-0.858022398
"nuclear protein-containing complex"	GO:0140513	2	SPU_011676	0.17775561
"nuclear protein-containing complex"	GO:0140513	2	SPU_012051	0.456751217
"nuclear protein-containing complex"	GO:0140513	2	SPU_012580	1.130751306
"nuclear protein-containing complex"	GO:0140513	2	SPU_012696	0.094943287
"nuclear protein-containing complex"	GO:0140513	2	SPU_012887	0.92786185
"nuclear protein-containing complex"	GO:0140513	2	SPU_012930	0.144503768
"nuclear protein-containing complex"	GO:0140513	2	SPU_013568	-0.253073193
"nuclear protein-containing complex"	GO:0140513	2	SPU_013996	0.517523765
"nuclear protein-containing complex"	GO:0140513	2	SPU_014281	0.426442869
"nuclear protein-containing complex"	GO:0140513	2	SPU_014946	-0.148902338
"nuclear protein-containing complex"	GO:0140513	2	SPU_015342	-1.487033111
"nuclear protein-containing complex"	GO:0140513	2	SPU_015468	0.546155062
"nuclear protein-containing complex"	GO:0140513	2	SPU_015999	-0.419271461
"nuclear protein-containing complex"	GO:0140513	2	SPU_016017	-0.395742285
"nuclear protein-containing complex"	GO:0140513	2	SPU_016687	-0.460584609
"nuclear protein-containing complex"	GO:0140513	2	SPU_016844	0.596653509
"nuclear protein-containing complex"	GO:0140513	2	SPU_017204	0.919770043
"nuclear protein-containing complex"	GO:0140513	2	SPU_017205	-0.430683198
"nuclear protein-containing complex"	GO:0140513	2	SPU_017222	-1.714062876
"nuclear protein-containing complex"	GO:0140513	2	SPU_017442	-0.353698227
"nuclear protein-containing complex"	GO:0140513	2	SPU_018944	-0.007452185
"nuclear protein-containing complex"	GO:0140513	2	SPU_019175	-0.05885655
"nuclear protein-containing complex"	GO:0140513	2	SPU_019373	-0.016692869
"nuclear protein-containing complex"	GO:0140513	2	SPU_019604	-0.618045069
"nuclear protein-containing complex"	GO:0140513	2	SPU_020495	-0.211073689
"nuclear protein-containing complex"	GO:0140513	2	SPU_020766	0.059476986
"nuclear protein-containing complex"	GO:0140513	2	SPU_020924	-1.682882511
"nuclear protein-containing complex"	GO:0140513	2	SPU_021036	0.018429444
"nuclear protein-containing complex"	GO:0140513	2	SPU_021077	0.387153726
"nuclear protein-containing complex"	GO:0140513	2	SPU_021249	-0.289919444
"nuclear protein-containing complex"	GO:0140513	2	SPU_022309	-0.166159974
"nuclear protein-containing complex"	GO:0140513	2	SPU_022327	0.000965071
"nuclear protein-containing complex"	GO:0140513	2	SPU_022626	0.002784001
"nuclear protein-containing complex"	GO:0140513	2	SPU_022847	0.861055869
"nuclear protein-containing complex"	GO:0140513	2	SPU_023027	0.159428918
"nuclear protein-containing complex"	GO:0140513	2	SPU_023334	0.188135103
"nuclear protein-containing complex"	GO:0140513	2	SPU_023506	0.01496429
"nuclear protein-containing complex"	GO:0140513	2	SPU_023529	-0.005704614
"nuclear protein-containing complex"	GO:0140513	2	SPU_024153	0.337913872
"nuclear protein-containing complex"	GO:0140513	2	SPU_024432	-0.02176196
"nuclear protein-containing complex"	GO:0140513	2	SPU_024737	0.215232729
"nuclear protein-containing complex"	GO:0140513	2	SPU_024927	-0.804925286
"nuclear protein-containing complex"	GO:0140513	2	SPU_025185	1.530476934
"nuclear protein-containing complex"	GO:0140513	2	SPU_025399	-0.017092786
"nuclear protein-containing complex"	GO:0140513	2	SPU_025580	0.51434864
"nuclear protein-containing complex"	GO:0140513	2	SPU_025671	1.351597236
"nuclear protein-containing complex"	GO:0140513	2	SPU_025732	0.140631878
"nuclear protein-containing complex"	GO:0140513	2	SPU_026147	0.1448937
"nuclear protein-containing complex"	GO:0140513	2	SPU_026500	0.002647532
"nuclear protein-containing complex"	GO:0140513	2	SPU_026620	0.049667112
"nuclear protein-containing complex"	GO:0140513	2	SPU_027408	0.086395876
"nuclear protein-containing complex"	GO:0140513	2	SPU_027580	0.39509904
"nuclear protein-containing complex"	GO:0140513	2	SPU_028213	-0.307021641
"nuclear protein-containing complex"	GO:0140513	2	SPU_028371	0.150706034
"nuclear protein-containing complex"	GO:0140513	2	SPU_028430	-0.947346677
"nuclear protein-containing complex"	GO:0140513	2	SPU_028524	-0.015987757
"nuclear protein-containing complex"	GO:0140513	2	SPU_028561	0.330032111
"nuclear protein-containing complex"	GO:0140513	2	SPU_028722	-0.13510641
"nuclear protein-containing complex"	GO:0140513	2	SPU_028771	-0.91654572
"plasma membrane protein complex"	GO:0098797	3	SPU_000856	-0.136573541
"plasma membrane protein complex"	GO:0098797	3	SPU_001624	0.012077982
"plasma membrane protein complex"	GO:0098797	3	SPU_002069	0.013495946
"plasma membrane protein complex"	GO:0098797	3	SPU_002521	0.745230414
"plasma membrane protein complex"	GO:0098797	3	SPU_002616	0.000458825
"plasma membrane protein complex"	GO:0098797	3	SPU_004907	-0.159224956
"plasma membrane protein complex"	GO:0098797	3	SPU_006470	0.129328528
"plasma membrane protein complex"	GO:0098797	3	SPU_007770	0.061022643
"plasma membrane protein complex"	GO:0098797	3	SPU_007963	-0.716276931
"plasma membrane protein complex"	GO:0098797	3	SPU_010116	0.071796417
"plasma membrane protein complex"	GO:0098797	3	SPU_011877	0.166949695
"plasma membrane protein complex"	GO:0098797	3	SPU_012559	0.008284118
"plasma membrane protein complex"	GO:0098797	3	SPU_012871	0.876501664
"plasma membrane protein complex"	GO:0098797	3	SPU_013536	0.88877043
"plasma membrane protein complex"	GO:0098797	3	SPU_015920	1.146846212
"plasma membrane protein complex"	GO:0098797	3	SPU_015921	0.294399825
"plasma membrane protein complex"	GO:0098797	3	SPU_016618	-1.913931581
"plasma membrane protein complex"	GO:0098797	3	SPU_017200	-0.035803049
"plasma membrane protein complex"	GO:0098797	3	SPU_018422	0.017582179
"plasma membrane protein complex"	GO:0098797	3	SPU_019341	0.209137007
"plasma membrane protein complex"	GO:0098797	3	SPU_022302	0.83116584
"plasma membrane protein complex"	GO:0098797	3	SPU_022837	-1.034812357
"plasma membrane protein complex"	GO:0098797	3	SPU_023063	1.304183804
"plasma membrane protein complex"	GO:0098797	3	SPU_025626	-0.247098924
"plasma membrane protein complex"	GO:0098797	3	SPU_025997	0.125603842
"plasma membrane protein complex"	GO:0098797	3	SPU_026800	-1.061968955
"plasma membrane protein complex"	GO:0098797	3	SPU_027038	-1.790185666
"plasma membrane protein complex"	GO:0098797	3	SPU_028775	0.004000765
"plasma membrane protein complex"	GO:0098797	3	SPU_030082	-0.023922264
"catalytic complex"	GO:1902494	2	SPU_000088	-0.280106653
"catalytic complex"	GO:1902494	2	SPU_000178	-1.093938419
"catalytic complex"	GO:1902494	2	SPU_000206	-0.002913151
"catalytic complex"	GO:1902494	2	SPU_000632	0.143905591
"catalytic complex"	GO:1902494	2	SPU_002482	-0.21444153
"catalytic complex"	GO:1902494	2	SPU_002521	0.745230414
"catalytic complex"	GO:1902494	2	SPU_002920	-0.258502546
"catalytic complex"	GO:1902494	2	SPU_002933	2.200081274
"catalytic complex"	GO:1902494	2	SPU_002935	-1.730768317
"catalytic complex"	GO:1902494	2	SPU_003119	-0.025111128
"catalytic complex"	GO:1902494	2	SPU_003120	-1.42118749
"catalytic complex"	GO:1902494	2	SPU_003564	0.174834188
"catalytic complex"	GO:1902494	2	SPU_003867	0.007768221
"catalytic complex"	GO:1902494	2	SPU_004393	0.193858721
"catalytic complex"	GO:1902494	2	SPU_004697	-0.062275025
"catalytic complex"	GO:1902494	2	SPU_005644	0.014421273
"catalytic complex"	GO:1902494	2	SPU_005944	0.009081203
"catalytic complex"	GO:1902494	2	SPU_006119	0.018253322
"catalytic complex"	GO:1902494	2	SPU_006755	-0.91754375
"catalytic complex"	GO:1902494	2	SPU_006861	0.042495893
"catalytic complex"	GO:1902494	2	SPU_007377	0.405160651
"catalytic complex"	GO:1902494	2	SPU_008018	0.519669601
"catalytic complex"	GO:1902494	2	SPU_008073	-0.002856731
"catalytic complex"	GO:1902494	2	SPU_008188	-0.458039825
"catalytic complex"	GO:1902494	2	SPU_008469	0.122406865
"catalytic complex"	GO:1902494	2	SPU_008501	0.126807033
"catalytic complex"	GO:1902494	2	SPU_008590	-0.428129458
"catalytic complex"	GO:1902494	2	SPU_009461	-0.121200436
"catalytic complex"	GO:1902494	2	SPU_010339	-0.373293472
"catalytic complex"	GO:1902494	2	SPU_010886	0.760228183
"catalytic complex"	GO:1902494	2	SPU_011676	0.17775561
"catalytic complex"	GO:1902494	2	SPU_012139	-0.095252123
"catalytic complex"	GO:1902494	2	SPU_012418	0.240168447
"catalytic complex"	GO:1902494	2	SPU_012580	1.130751306
"catalytic complex"	GO:1902494	2	SPU_012696	0.094943287
"catalytic complex"	GO:1902494	2	SPU_013346	0.344610552
"catalytic complex"	GO:1902494	2	SPU_013819	0.283277822
"catalytic complex"	GO:1902494	2	SPU_013996	0.517523765
"catalytic complex"	GO:1902494	2	SPU_014071	0.139624963
"catalytic complex"	GO:1902494	2	SPU_014281	0.426442869
"catalytic complex"	GO:1902494	2	SPU_014569	-0.386602141
"catalytic complex"	GO:1902494	2	SPU_014980	-0.024843393
"catalytic complex"	GO:1902494	2	SPU_015049	0.320146822
"catalytic complex"	GO:1902494	2	SPU_015724	-0.347029152
"catalytic complex"	GO:1902494	2	SPU_015843	-0.457340089
"catalytic complex"	GO:1902494	2	SPU_015981	-0.417777682
"catalytic complex"	GO:1902494	2	SPU_016050	-0.009438444
"catalytic complex"	GO:1902494	2	SPU_018512	0.361435283
"catalytic complex"	GO:1902494	2	SPU_018552	1.069621677
"catalytic complex"	GO:1902494	2	SPU_018554	-0.056372765
"catalytic complex"	GO:1902494	2	SPU_018555	-0.167391588
"catalytic complex"	GO:1902494	2	SPU_018556	0.173066081
"catalytic complex"	GO:1902494	2	SPU_019174	0.035252059
"catalytic complex"	GO:1902494	2	SPU_019604	-0.618045069
"catalytic complex"	GO:1902494	2	SPU_019875	-0.003832152
"catalytic complex"	GO:1902494	2	SPU_020495	-0.211073689
"catalytic complex"	GO:1902494	2	SPU_020621	-0.869577534
"catalytic complex"	GO:1902494	2	SPU_020994	0.514757564
"catalytic complex"	GO:1902494	2	SPU_020995	-0.001513184
"catalytic complex"	GO:1902494	2	SPU_021036	0.018429444
"catalytic complex"	GO:1902494	2	SPU_021077	0.387153726
"catalytic complex"	GO:1902494	2	SPU_021121	0.344692008
"catalytic complex"	GO:1902494	2	SPU_021620	-0.025676121
"catalytic complex"	GO:1902494	2	SPU_021625	-1.106317357
"catalytic complex"	GO:1902494	2	SPU_022309	-0.166159974
"catalytic complex"	GO:1902494	2	SPU_022327	0.000965071
"catalytic complex"	GO:1902494	2	SPU_022674	-0.005527408
"catalytic complex"	GO:1902494	2	SPU_022837	-1.034812357
"catalytic complex"	GO:1902494	2	SPU_022917	-0.144419774
"catalytic complex"	GO:1902494	2	SPU_023506	0.01496429
"catalytic complex"	GO:1902494	2	SPU_023679	-0.093018414
"catalytic complex"	GO:1902494	2	SPU_023729	0.88228332
"catalytic complex"	GO:1902494	2	SPU_024153	0.337913872
"catalytic complex"	GO:1902494	2	SPU_024540	0.041923943
"catalytic complex"	GO:1902494	2	SPU_024737	0.215232729
"catalytic complex"	GO:1902494	2	SPU_025541	0.85089112
"catalytic complex"	GO:1902494	2	SPU_025818	0.016890015
"catalytic complex"	GO:1902494	2	SPU_026147	0.1448937
"catalytic complex"	GO:1902494	2	SPU_026343	0.011238851
"catalytic complex"	GO:1902494	2	SPU_026500	0.002647532
"catalytic complex"	GO:1902494	2	SPU_026535	-0.202930995
"catalytic complex"	GO:1902494	2	SPU_026667	0.036337939
"catalytic complex"	GO:1902494	2	SPU_027270	0.160091717
"catalytic complex"	GO:1902494	2	SPU_027408	0.086395876
"catalytic complex"	GO:1902494	2	SPU_027580	0.39509904
"catalytic complex"	GO:1902494	2	SPU_028057	0.107159629
"catalytic complex"	GO:1902494	2	SPU_028189	0.061116141
"catalytic complex"	GO:1902494	2	SPU_028333	-1.12272963
"catalytic complex"	GO:1902494	2	SPU_028524	-0.015987757
"catalytic complex"	GO:1902494	2	SPU_028722	-0.13510641
"catalytic complex"	GO:1902494	2	SPU_028912	0.110119273
"catalytic complex"	GO:1902494	2	SPU_028917	-0.969041079
"catalytic complex"	GO:1902494	2	SPU_030082	-0.023922264
"catalytic complex"	GO:1902494	2	SPU_030224	0.661776724
"catalytic complex"	GO:1902494	2	SPU_030225	-0.059941367
"catalytic complex"	GO:1902494	2	SPU_030226	-0.237153852
"catalytic complex"	GO:1902494	2	SPU_030228	-0.806159584
"catalytic complex"	GO:1902494	2	SPU_030230	-0.041960256
"catalytic complex"	GO:1902494	2	SPU_030231	-0.039562437
"catalytic complex"	GO:1902494	2	SPU_030234	0.032158644
"catalytic complex"	GO:1902494	2	SPU_030235	-0.101990508
"catalytic complex"	GO:1902494	2	SPU_030236	-0.545690902
"bounding membrane of organelle"	GO:0098588	4	SPU_001579	-0.008521221
"bounding membrane of organelle"	GO:0098588	4	SPU_003959	0.002636497
"bounding membrane of organelle"	GO:0098588	4	SPU_005110	-0.475635982
"bounding membrane of organelle"	GO:0098588	4	SPU_007142	1.183097822
"bounding membrane of organelle"	GO:0098588	4	SPU_008505	0.11815641
"bounding membrane of organelle"	GO:0098588	4	SPU_008692	0.137885707
"bounding membrane of organelle"	GO:0098588	4	SPU_009014	-0.001355206
"bounding membrane of organelle"	GO:0098588	4	SPU_009673	0.283148511
"bounding membrane of organelle"	GO:0098588	4	SPU_009674	2.374929308
"bounding membrane of organelle"	GO:0098588	4	SPU_009922	0.851235689
"bounding membrane of organelle"	GO:0098588	4	SPU_010010	-0.618615468
"bounding membrane of organelle"	GO:0098588	4	SPU_015257	-0.932746598
"bounding membrane of organelle"	GO:0098588	4	SPU_015506	0.002904668
"bounding membrane of organelle"	GO:0098588	4	SPU_015644	0.008458547
"bounding membrane of organelle"	GO:0098588	4	SPU_016404	-0.197859925
"bounding membrane of organelle"	GO:0098588	4	SPU_018130	-1.027341645
"bounding membrane of organelle"	GO:0098588	4	SPU_019074	-0.069766373
"bounding membrane of organelle"	GO:0098588	4	SPU_019603	0.551726172
"bounding membrane of organelle"	GO:0098588	4	SPU_019782	0.046522006
"bounding membrane of organelle"	GO:0098588	4	SPU_023648	1.774015121
"bounding membrane of organelle"	GO:0098588	4	SPU_025102	-0.117420324
"bounding membrane of organelle"	GO:0098588	4	SPU_025777	0.005355118
"bounding membrane of organelle"	GO:0098588	4	SPU_025858	-0.049588388
"bounding membrane of organelle"	GO:0098588	4	SPU_027236	0.025337176
"bounding membrane of organelle"	GO:0098588	4	SPU_027418	-0.373943062
"cytoskeleton"	GO:0005856	3	SPU_001462	0.07208356
"cytoskeleton"	GO:0005856	3	SPU_001935	0.12177789
"cytoskeleton"	GO:0005856	3	SPU_002536	-0.233780431
"cytoskeleton"	GO:0005856	3	SPU_007261	-0.187818959
"cytoskeleton"	GO:0005856	3	SPU_007593	-0.068013702
"cytoskeleton"	GO:0005856	3	SPU_008398	-0.310903535
"cytoskeleton"	GO:0005856	3	SPU_008447	-0.058360166
"cytoskeleton"	GO:0005856	3	SPU_010158	-0.047239417
"cytoskeleton"	GO:0005856	3	SPU_011723	0.228845384
"cytoskeleton"	GO:0005856	3	SPU_012228	0.002297235
"cytoskeleton"	GO:0005856	3	SPU_013161	0.176375201
"cytoskeleton"	GO:0005856	3	SPU_013862	-0.386738503
"cytoskeleton"	GO:0005856	3	SPU_014728	-0.042433206
"cytoskeleton"	GO:0005856	3	SPU_014957	-0.031133672
"cytoskeleton"	GO:0005856	3	SPU_015334	-0.359638258
"cytoskeleton"	GO:0005856	3	SPU_017502	0.089995352
"cytoskeleton"	GO:0005856	3	SPU_018705	0.021223215
"cytoskeleton"	GO:0005856	3	SPU_019686	0.617357716
"cytoskeleton"	GO:0005856	3	SPU_022040	-0.113321202
"cytoskeleton"	GO:0005856	3	SPU_023370	0.103120336
"cytoskeleton"	GO:0005856	3	SPU_023423	0.028802059
"cytoskeleton"	GO:0005856	3	SPU_023549	-0.190548251
"cytoskeleton"	GO:0005856	3	SPU_024467	0.419544099
"cytoskeleton"	GO:0005856	3	SPU_025343	-0.895132254
"cytoskeleton"	GO:0005856	3	SPU_026256	0.042597078
"cytoskeleton"	GO:0005856	3	SPU_026892	-0.782430062
"cytoskeleton"	GO:0005856	3	SPU_027778	-0.097988695
"cytoskeleton"	GO:0005856	3	SPU_028592	-0.03343089
"cytoskeleton"	GO:0005856	3	SPU_028781	-0.180148367
"cytoskeleton"	GO:0005856	3	SPU_028926	-0.107090784
"supramolecular complex"	GO:0005874;GO:0099513;GO:0099512;GO:0099081;GO:0099080	6	SPU_000062	0.012789332
"supramolecular complex"	GO:0005874;GO:0099513;GO:0099512;GO:0099081;GO:0099080	6	SPU_000096	1.068097663
"supramolecular complex"	GO:0005874;GO:0099513;GO:0099512;GO:0099081;GO:0099080	6	SPU_000098	0.035855518
"supramolecular complex"	GO:0005874;GO:0099513;GO:0099512;GO:0099081;GO:0099080	6	SPU_000796	0.070009659
"supramolecular complex"	GO:0005874;GO:0099513;GO:0099512;GO:0099081;GO:0099080	6	SPU_001024	-0.64022656
"supramolecular complex"	GO:0005874;GO:0099513;GO:0099512;GO:0099081;GO:0099080	6	SPU_001045	0.022183844
"supramolecular complex"	GO:0005874;GO:0099513;GO:0099512;GO:0099081;GO:0099080	6	SPU_002663	-0.333877233
"supramolecular complex"	GO:0005874;GO:0099513;GO:0099512;GO:0099081;GO:0099080	6	SPU_002788	0.01526703
"supramolecular complex"	GO:0005874;GO:0099513;GO:0099512;GO:0099081;GO:0099080	6	SPU_004266	0.03432502
"supramolecular complex"	GO:0005874;GO:0099513;GO:0099512;GO:0099081;GO:0099080	6	SPU_004628	-0.061061483
"supramolecular complex"	GO:0005874;GO:0099513;GO:0099512;GO:0099081;GO:0099080	6	SPU_006453	0.01945744
"supramolecular complex"	GO:0005874;GO:0099513;GO:0099512;GO:0099081;GO:0099080	6	SPU_006857	-0.283084889
"supramolecular complex"	GO:0005874;GO:0099513;GO:0099512;GO:0099081;GO:0099080	6	SPU_006878	0.464282225
"supramolecular complex"	GO:0005874;GO:0099513;GO:0099512;GO:0099081;GO:0099080	6	SPU_007424	-0.001649241
"supramolecular complex"	GO:0005874;GO:0099513;GO:0099512;GO:0099081;GO:0099080	6	SPU_007435	0.007947761
"supramolecular complex"	GO:0005874;GO:0099513;GO:0099512;GO:0099081;GO:0099080	6	SPU_008221	0.149621735
"supramolecular complex"	GO:0005874;GO:0099513;GO:0099512;GO:0099081;GO:0099080	6	SPU_008774	-0.271598002
"supramolecular complex"	GO:0005874;GO:0099513;GO:0099512;GO:0099081;GO:0099080	6	SPU_008777	0.11713606
"supramolecular complex"	GO:0005874;GO:0099513;GO:0099512;GO:0099081;GO:0099080	6	SPU_009979	-0.081894371
"supramolecular complex"	GO:0005874;GO:0099513;GO:0099512;GO:0099081;GO:0099080	6	SPU_012141	0.09830453
"supramolecular complex"	GO:0005874;GO:0099513;GO:0099512;GO:0099081;GO:0099080	6	SPU_012679	-0.180480473
"supramolecular complex"	GO:0005874;GO:0099513;GO:0099512;GO:0099081;GO:0099080	6	SPU_013841	0.026092283
"supramolecular complex"	GO:0005874;GO:0099513;GO:0099512;GO:0099081;GO:0099080	6	SPU_014954	-1.062254714
"supramolecular complex"	GO:0005874;GO:0099513;GO:0099512;GO:0099081;GO:0099080	6	SPU_015056	0.638305785
"supramolecular complex"	GO:0005874;GO:0099513;GO:0099512;GO:0099081;GO:0099080	6	SPU_015182	0.121720883
"supramolecular complex"	GO:0005874;GO:0099513;GO:0099512;GO:0099081;GO:0099080	6	SPU_015608	-0.01910522
"supramolecular complex"	GO:0005874;GO:0099513;GO:0099512;GO:0099081;GO:0099080	6	SPU_016061	-0.006302751
"supramolecular complex"	GO:0005874;GO:0099513;GO:0099512;GO:0099081;GO:0099080	6	SPU_016509	-0.140870168
"supramolecular complex"	GO:0005874;GO:0099513;GO:0099512;GO:0099081;GO:0099080	6	SPU_016972	-0.876455132
"supramolecular complex"	GO:0005874;GO:0099513;GO:0099512;GO:0099081;GO:0099080	6	SPU_019989	-7.80E-05
"supramolecular complex"	GO:0005874;GO:0099513;GO:0099512;GO:0099081;GO:0099080	6	SPU_019990	-0.022933302
"supramolecular complex"	GO:0005874;GO:0099513;GO:0099512;GO:0099081;GO:0099080	6	SPU_020943	0.013455032
"supramolecular complex"	GO:0005874;GO:0099513;GO:0099512;GO:0099081;GO:0099080	6	SPU_021667	-0.151828448
"supramolecular complex"	GO:0005874;GO:0099513;GO:0099512;GO:0099081;GO:0099080	6	SPU_021670	-0.503554047
"supramolecular complex"	GO:0005874;GO:0099513;GO:0099512;GO:0099081;GO:0099080	6	SPU_024595	0.087988454
"supramolecular complex"	GO:0005874;GO:0099513;GO:0099512;GO:0099081;GO:0099080	6	SPU_024617	0.006612107
"supramolecular complex"	GO:0005874;GO:0099513;GO:0099512;GO:0099081;GO:0099080	6	SPU_025175	-0.011073321
"supramolecular complex"	GO:0005874;GO:0099513;GO:0099512;GO:0099081;GO:0099080	6	SPU_028221	-0.000701969
"supramolecular complex"	GO:0005874;GO:0099513;GO:0099512;GO:0099081;GO:0099080	6	SPU_004509	0.309658676
"supramolecular complex"	GO:0005874;GO:0099513;GO:0099512;GO:0099081;GO:0099080	6	SPU_020333	0.573399582
"supramolecular complex"	GO:0005874;GO:0099513;GO:0099512;GO:0099081;GO:0099080	6	SPU_028386	0.841237385
"supramolecular complex"	GO:0005874;GO:0099513;GO:0099512;GO:0099081;GO:0099080	6	SPU_028500	0.381021494
"supramolecular complex"	GO:0005874;GO:0099513;GO:0099512;GO:0099081;GO:0099080	6	SPU_003772	0.174549872
"supramolecular complex"	GO:0005874;GO:0099513;GO:0099512;GO:0099081;GO:0099080	6	SPU_013515	0.059168662
"supramolecular complex"	GO:0005874;GO:0099513;GO:0099512;GO:0099081;GO:0099080	6	SPU_015414	0.099641923
"supramolecular complex"	GO:0005874;GO:0099513;GO:0099512;GO:0099081;GO:0099080	6	SPU_017319	-0.528893475
"supramolecular complex"	GO:0005874;GO:0099513;GO:0099512;GO:0099081;GO:0099080	6	SPU_020787	-0.108464205
"extracellular region"	GO:0005576	2	SPU_000427	-0.430977654
"extracellular region"	GO:0005576	2	SPU_000957	0.214336289
"extracellular region"	GO:0005576	2	SPU_000997	0.791668097
"extracellular region"	GO:0005576	2	SPU_001628	0.01378003
"extracellular region"	GO:0005576	2	SPU_001638	0.134756288
"extracellular region"	GO:0005576	2	SPU_004017	-1.10184176
"extracellular region"	GO:0005576	2	SPU_004104	-0.014277314
"extracellular region"	GO:0005576	2	SPU_004610	-0.009588567
"extracellular region"	GO:0005576	2	SPU_004977	-0.633454535
"extracellular region"	GO:0005576	2	SPU_005193	0.217776432
"extracellular region"	GO:0005576	2	SPU_005399	-1.258977329
"extracellular region"	GO:0005576	2	SPU_005781	0.263841125
"extracellular region"	GO:0005576	2	SPU_007141	-0.362332084
"extracellular region"	GO:0005576	2	SPU_007203	0.095782572
"extracellular region"	GO:0005576	2	SPU_008873	-0.74706912
"extracellular region"	GO:0005576	2	SPU_009052	-0.024621886
"extracellular region"	GO:0005576	2	SPU_009817	0.215953117
"extracellular region"	GO:0005576	2	SPU_010964	-0.848256566
"extracellular region"	GO:0005576	2	SPU_011451	-0.035275679
"extracellular region"	GO:0005576	2	SPU_012403	-0.172530385
"extracellular region"	GO:0005576	2	SPU_012667	-0.122876605
"extracellular region"	GO:0005576	2	SPU_012936	-1.638833581
"extracellular region"	GO:0005576	2	SPU_013106	0.880769498
"extracellular region"	GO:0005576	2	SPU_013170	-1.528443421
"extracellular region"	GO:0005576	2	SPU_013570	0.016585264
"extracellular region"	GO:0005576	2	SPU_015371	0.35299614
"extracellular region"	GO:0005576	2	SPU_016497	0.05458243
"extracellular region"	GO:0005576	2	SPU_017329	0.847274822
"extracellular region"	GO:0005576	2	SPU_019130	0.102040351
"extracellular region"	GO:0005576	2	SPU_019400	0.078385879
"extracellular region"	GO:0005576	2	SPU_019422	0.782344993
"extracellular region"	GO:0005576	2	SPU_019601	-0.011433386
"extracellular region"	GO:0005576	2	SPU_020371	-0.019636957
"extracellular region"	GO:0005576	2	SPU_021973	0.032660823
"extracellular region"	GO:0005576	2	SPU_022347	-0.49154427
"extracellular region"	GO:0005576	2	SPU_022667	0.593593827
"extracellular region"	GO:0005576	2	SPU_022741	1.251759935
"extracellular region"	GO:0005576	2	SPU_022954	0.018897106
"extracellular region"	GO:0005576	2	SPU_022988	-0.163639555
"extracellular region"	GO:0005576	2	SPU_023463	-1.018341926
"extracellular region"	GO:0005576	2	SPU_024946	-0.174925934
"extracellular region"	GO:0005576	2	SPU_025900	1.147342238
"extracellular region"	GO:0005576	2	SPU_025922	-0.005471722
"extracellular region"	GO:0005576	2	SPU_026949	0.329105014
"extracellular region"	GO:0005576	2	SPU_027178	0.216340964
"extracellular region"	GO:0005576	2	SPU_027226	1.449148791
"extracellular region"	GO:0005576	2	SPU_027369	0.238828853
"extracellular region"	GO:0005576	2	SPU_028501	1.7394312
"extracellular region"	GO:0005576	2	SPU_030074	-0.673432203
"extracellular region"	GO:0005576	2	SPU_030204	-0.450199635
"membrane protein complex"	GO:0098796	2	SPU_000022	0.057733082
"membrane protein complex"	GO:0098796	2	SPU_000206	-0.002913151
"membrane protein complex"	GO:0098796	2	SPU_000364	-0.097736624
"membrane protein complex"	GO:0098796	2	SPU_000856	-0.136573541
"membrane protein complex"	GO:0098796	2	SPU_001183	0.019638021
"membrane protein complex"	GO:0098796	2	SPU_001332	1.245663887
"membrane protein complex"	GO:0098796	2	SPU_001624	0.012077982
"membrane protein complex"	GO:0098796	2	SPU_001860	0.238835855
"membrane protein complex"	GO:0098796	2	SPU_002002	1.196355235
"membrane protein complex"	GO:0098796	2	SPU_002051	-0.096962766
"membrane protein complex"	GO:0098796	2	SPU_002069	0.013495946
"membrane protein complex"	GO:0098796	2	SPU_002197	-0.544648535
"membrane protein complex"	GO:0098796	2	SPU_002198	-0.900495149
"membrane protein complex"	GO:0098796	2	SPU_002356	0.000271081
"membrane protein complex"	GO:0098796	2	SPU_002518	-0.108767851
"membrane protein complex"	GO:0098796	2	SPU_002519	-0.647435474
"membrane protein complex"	GO:0098796	2	SPU_002521	0.745230414
"membrane protein complex"	GO:0098796	2	SPU_002616	0.000458825
"membrane protein complex"	GO:0098796	2	SPU_002714	-0.226510221
"membrane protein complex"	GO:0098796	2	SPU_003070	1.322752865
"membrane protein complex"	GO:0098796	2	SPU_003273	-0.001068495
"membrane protein complex"	GO:0098796	2	SPU_004297	0.055094956
"membrane protein complex"	GO:0098796	2	SPU_004682	0.218387664
"membrane protein complex"	GO:0098796	2	SPU_004907	-0.159224956
"membrane protein complex"	GO:0098796	2	SPU_004963	0.014743685
"membrane protein complex"	GO:0098796	2	SPU_005296	0.031301715
"membrane protein complex"	GO:0098796	2	SPU_005405	-0.466861222
"membrane protein complex"	GO:0098796	2	SPU_005583	-1.094834222
"membrane protein complex"	GO:0098796	2	SPU_006119	0.018253322
"membrane protein complex"	GO:0098796	2	SPU_006308	0.072066677
"membrane protein complex"	GO:0098796	2	SPU_006436	-0.859086618
"membrane protein complex"	GO:0098796	2	SPU_006470	0.129328528
"membrane protein complex"	GO:0098796	2	SPU_006702	-0.090571547
"membrane protein complex"	GO:0098796	2	SPU_006765	0.113087138
"membrane protein complex"	GO:0098796	2	SPU_007770	0.061022643
"membrane protein complex"	GO:0098796	2	SPU_007942	0.023642245
"membrane protein complex"	GO:0098796	2	SPU_007963	-0.716276931
"membrane protein complex"	GO:0098796	2	SPU_008073	-0.002856731
"membrane protein complex"	GO:0098796	2	SPU_008143	0.063617158
"membrane protein complex"	GO:0098796	2	SPU_008449	0.001914954
"membrane protein complex"	GO:0098796	2	SPU_009461	-0.121200436
"membrane protein complex"	GO:0098796	2	SPU_009513	0.009614181
"membrane protein complex"	GO:0098796	2	SPU_009588	0.013151347
"membrane protein complex"	GO:0098796	2	SPU_010116	0.071796417
"membrane protein complex"	GO:0098796	2	SPU_010739	0.001088906
"membrane protein complex"	GO:0098796	2	SPU_010964	-0.848256566
"membrane protein complex"	GO:0098796	2	SPU_011567	-0.067755324
"membrane protein complex"	GO:0098796	2	SPU_011577	0.052604922
"membrane protein complex"	GO:0098796	2	SPU_011877	0.166949695
"membrane protein complex"	GO:0098796	2	SPU_012559	0.008284118
"membrane protein complex"	GO:0098796	2	SPU_012695	-0.001650388
"membrane protein complex"	GO:0098796	2	SPU_012784	0.390119028
"membrane protein complex"	GO:0098796	2	SPU_012871	0.876501664
"membrane protein complex"	GO:0098796	2	SPU_013012	-1.404305253
"membrane protein complex"	GO:0098796	2	SPU_013052	0.003066737
"membrane protein complex"	GO:0098796	2	SPU_013353	0.015314084
"membrane protein complex"	GO:0098796	2	SPU_013536	0.88877043
"membrane protein complex"	GO:0098796	2	SPU_013675	0.070980338
"membrane protein complex"	GO:0098796	2	SPU_013681	-0.967821409
"membrane protein complex"	GO:0098796	2	SPU_014071	0.139624963
"membrane protein complex"	GO:0098796	2	SPU_014811	0.149079038
"membrane protein complex"	GO:0098796	2	SPU_015556	-0.408653806
"membrane protein complex"	GO:0098796	2	SPU_015724	-0.347029152
"membrane protein complex"	GO:0098796	2	SPU_015920	1.146846212
"membrane protein complex"	GO:0098796	2	SPU_015921	0.294399825
"membrane protein complex"	GO:0098796	2	SPU_016414	0.28847088
"membrane protein complex"	GO:0098796	2	SPU_016618	-1.913931581
"membrane protein complex"	GO:0098796	2	SPU_017200	-0.035803049
"membrane protein complex"	GO:0098796	2	SPU_017753	0.019457678
"membrane protein complex"	GO:0098796	2	SPU_017792	1.148769927
"membrane protein complex"	GO:0098796	2	SPU_018350	0.062193921
"membrane protein complex"	GO:0098796	2	SPU_018422	0.017582179
"membrane protein complex"	GO:0098796	2	SPU_019118	0.009168445
"membrane protein complex"	GO:0098796	2	SPU_019341	0.209137007
"membrane protein complex"	GO:0098796	2	SPU_019622	-0.476169716
"membrane protein complex"	GO:0098796	2	SPU_020029	0.402568535
"membrane protein complex"	GO:0098796	2	SPU_020030	-0.052622501
"membrane protein complex"	GO:0098796	2	SPU_020497	-0.029251736
"membrane protein complex"	GO:0098796	2	SPU_021308	0.675015789
"membrane protein complex"	GO:0098796	2	SPU_022302	0.83116584
"membrane protein complex"	GO:0098796	2	SPU_022612	1.588661441
"membrane protein complex"	GO:0098796	2	SPU_022837	-1.034812357
"membrane protein complex"	GO:0098796	2	SPU_023063	1.304183804
"membrane protein complex"	GO:0098796	2	SPU_023647	-0.009502491
"membrane protein complex"	GO:0098796	2	SPU_023750	-0.042645305
"membrane protein complex"	GO:0098796	2	SPU_024417	-0.013588607
"membrane protein complex"	GO:0098796	2	SPU_024540	0.041923943
"membrane protein complex"	GO:0098796	2	SPU_024862	-1.660388
"membrane protein complex"	GO:0098796	2	SPU_024893	0.55867335
"membrane protein complex"	GO:0098796	2	SPU_025016	0.024983177
"membrane protein complex"	GO:0098796	2	SPU_025121	-0.764785321
"membrane protein complex"	GO:0098796	2	SPU_025229	0.05418426
"membrane protein complex"	GO:0098796	2	SPU_025450	0.007782616
"membrane protein complex"	GO:0098796	2	SPU_025626	-0.247098924
"membrane protein complex"	GO:0098796	2	SPU_025997	0.125603842
"membrane protein complex"	GO:0098796	2	SPU_026800	-1.061968955
"membrane protein complex"	GO:0098796	2	SPU_027038	-1.790185666
"membrane protein complex"	GO:0098796	2	SPU_028111	-0.146378616
"membrane protein complex"	GO:0098796	2	SPU_028420	-0.21558094
"membrane protein complex"	GO:0098796	2	SPU_028775	0.004000765
"membrane protein complex"	GO:0098796	2	SPU_028873	-0.02700871
"membrane protein complex"	GO:0098796	2	SPU_028880	-0.012938961
"membrane protein complex"	GO:0098796	2	SPU_028885	-0.202245802
"membrane protein complex"	GO:0098796	2	SPU_030082	-0.023922264
"cytoplasm"	GO:0005737	2	SPU_000129	-0.251949108
"cytoplasm"	GO:0005737	2	SPU_000131	-0.11412376
"cytoplasm"	GO:0005737	2	SPU_000292	-0.621686261
"cytoplasm"	GO:0005737	2	SPU_000799	-1.423095749
"cytoplasm"	GO:0005737	2	SPU_001309	-1.242850685
"cytoplasm"	GO:0005737	2	SPU_001337	-0.015004185
"cytoplasm"	GO:0005737	2	SPU_001579	-0.008521221
"cytoplasm"	GO:0005737	2	SPU_001825	0.009594945
"cytoplasm"	GO:0005737	2	SPU_002153	0.340264651
"cytoplasm"	GO:0005737	2	SPU_002182	0.892435628
"cytoplasm"	GO:0005737	2	SPU_002220	-0.08997693
"cytoplasm"	GO:0005737	2	SPU_002376	-0.204881418
"cytoplasm"	GO:0005737	2	SPU_002443	0.009949179
"cytoplasm"	GO:0005737	2	SPU_002655	0.000402015
"cytoplasm"	GO:0005737	2	SPU_002773	0.023989386
"cytoplasm"	GO:0005737	2	SPU_003088	-0.047533043
"cytoplasm"	GO:0005737	2	SPU_003124	-0.156123025
"cytoplasm"	GO:0005737	2	SPU_003180	-2.021994525
"cytoplasm"	GO:0005737	2	SPU_003458	-0.054805097
"cytoplasm"	GO:0005737	2	SPU_003631	0.109604694
"cytoplasm"	GO:0005737	2	SPU_003632	-0.393049181
"cytoplasm"	GO:0005737	2	SPU_004466	-0.122969177
"cytoplasm"	GO:0005737	2	SPU_004625	0.03210972
"cytoplasm"	GO:0005737	2	SPU_004757	-0.225232224
"cytoplasm"	GO:0005737	2	SPU_004893	0.464843305
"cytoplasm"	GO:0005737	2	SPU_005212	-0.002685358
"cytoplasm"	GO:0005737	2	SPU_005226	0.052780765
"cytoplasm"	GO:0005737	2	SPU_005285	0.01416933
"cytoplasm"	GO:0005737	2	SPU_005338	-1.527945375
"cytoplasm"	GO:0005737	2	SPU_005554	-0.204996444
"cytoplasm"	GO:0005737	2	SPU_005711	-1.928204613
"cytoplasm"	GO:0005737	2	SPU_006153	-0.059558899
"cytoplasm"	GO:0005737	2	SPU_006443	0.240514952
"cytoplasm"	GO:0005737	2	SPU_006773	-0.34228735
"cytoplasm"	GO:0005737	2	SPU_007569	-0.315488963
"cytoplasm"	GO:0005737	2	SPU_007595	-0.218215237
"cytoplasm"	GO:0005737	2	SPU_007665	0.001183131
"cytoplasm"	GO:0005737	2	SPU_008129	0.623593663
"cytoplasm"	GO:0005737	2	SPU_008215	0.151878561
"cytoplasm"	GO:0005737	2	SPU_008372	-0.092290787
"cytoplasm"	GO:0005737	2	SPU_008385	-0.163229538
"cytoplasm"	GO:0005737	2	SPU_008449	0.001914954
"cytoplasm"	GO:0005737	2	SPU_008742	-1.023609767
"cytoplasm"	GO:0005737	2	SPU_008981	-0.110566036
"cytoplasm"	GO:0005737	2	SPU_009021	-0.024565306
"cytoplasm"	GO:0005737	2	SPU_009226	0.025698601
"cytoplasm"	GO:0005737	2	SPU_009248	0.030201757
"cytoplasm"	GO:0005737	2	SPU_009305	0.045545093
"cytoplasm"	GO:0005737	2	SPU_009735	-0.180460725
"cytoplasm"	GO:0005737	2	SPU_009772	-0.015920609
"cytoplasm"	GO:0005737	2	SPU_010272	0.130064032
"cytoplasm"	GO:0005737	2	SPU_010303	-0.461465562
"cytoplasm"	GO:0005737	2	SPU_010377	-0.225777064
"cytoplasm"	GO:0005737	2	SPU_010382	-0.492883261
"cytoplasm"	GO:0005737	2	SPU_010715	-0.557885442
"cytoplasm"	GO:0005737	2	SPU_010790	-0.054975101
"cytoplasm"	GO:0005737	2	SPU_010958	0.171143294
"cytoplasm"	GO:0005737	2	SPU_011196	0.038130584
"cytoplasm"	GO:0005737	2	SPU_011211	-1.20184305
"cytoplasm"	GO:0005737	2	SPU_011216	-0.175205093
"cytoplasm"	GO:0005737	2	SPU_011485	-0.943781155
"cytoplasm"	GO:0005737	2	SPU_011712	0.328155096
"cytoplasm"	GO:0005737	2	SPU_011721	-0.70470158
"cytoplasm"	GO:0005737	2	SPU_011980	0.024817203
"cytoplasm"	GO:0005737	2	SPU_012082	0.014453161
"cytoplasm"	GO:0005737	2	SPU_012229	0.10062393
"cytoplasm"	GO:0005737	2	SPU_012359	-0.484876768
"cytoplasm"	GO:0005737	2	SPU_012858	-0.255864435
"cytoplasm"	GO:0005737	2	SPU_013198	1.227182176
"cytoplasm"	GO:0005737	2	SPU_013310	1.035569388
"cytoplasm"	GO:0005737	2	SPU_013380	0.126458615
"cytoplasm"	GO:0005737	2	SPU_013398	-0.010939106
"cytoplasm"	GO:0005737	2	SPU_013500	-0.683306763
"cytoplasm"	GO:0005737	2	SPU_013699	0.190643652
"cytoplasm"	GO:0005737	2	SPU_014063	0.657000348
"cytoplasm"	GO:0005737	2	SPU_014179	0.129317285
"cytoplasm"	GO:0005737	2	SPU_014235	-0.260685276
"cytoplasm"	GO:0005737	2	SPU_014312	0.181555361
"cytoplasm"	GO:0005737	2	SPU_014428	-0.906965415
"cytoplasm"	GO:0005737	2	SPU_014712	-0.321526873
"cytoplasm"	GO:0005737	2	SPU_015090	0.705651645
"cytoplasm"	GO:0005737	2	SPU_015374	0.075542246
"cytoplasm"	GO:0005737	2	SPU_015706	0.183520313
"cytoplasm"	GO:0005737	2	SPU_015873	5.99E-05
"cytoplasm"	GO:0005737	2	SPU_016173	-0.017767086
"cytoplasm"	GO:0005737	2	SPU_016327	-0.348547035
"cytoplasm"	GO:0005737	2	SPU_016976	0.193954179
"cytoplasm"	GO:0005737	2	SPU_017032	0.219851312
"cytoplasm"	GO:0005737	2	SPU_017041	0.000232778
"cytoplasm"	GO:0005737	2	SPU_017058	-0.045489426
"cytoplasm"	GO:0005737	2	SPU_017407	-0.135480905
"cytoplasm"	GO:0005737	2	SPU_017414	-0.584696113
"cytoplasm"	GO:0005737	2	SPU_017781	0.008066831
"cytoplasm"	GO:0005737	2	SPU_018012	-0.411557784
"cytoplasm"	GO:0005737	2	SPU_018120	-0.176381436
"cytoplasm"	GO:0005737	2	SPU_018240	0.092909211
"cytoplasm"	GO:0005737	2	SPU_018705	0.021223215
"cytoplasm"	GO:0005737	2	SPU_018962	-0.196467541
"cytoplasm"	GO:0005737	2	SPU_019161	0.255906873
"cytoplasm"	GO:0005737	2	SPU_019216	-0.039964494
"cytoplasm"	GO:0005737	2	SPU_019518	-0.88672007
"cytoplasm"	GO:0005737	2	SPU_020284	-1.487166697
"cytoplasm"	GO:0005737	2	SPU_020315	-0.438491292
"cytoplasm"	GO:0005737	2	SPU_020363	0.045938703
"cytoplasm"	GO:0005737	2	SPU_020475	-0.007839209
"cytoplasm"	GO:0005737	2	SPU_020551	-0.033951005
"cytoplasm"	GO:0005737	2	SPU_021414	-0.279306859
"cytoplasm"	GO:0005737	2	SPU_021716	-0.30548642
"cytoplasm"	GO:0005737	2	SPU_022476	1.217410951
"cytoplasm"	GO:0005737	2	SPU_022502	0.006400285
"cytoplasm"	GO:0005737	2	SPU_023021	0.015492512
"cytoplasm"	GO:0005737	2	SPU_023206	0.087526875
"cytoplasm"	GO:0005737	2	SPU_023531	0.33395407
"cytoplasm"	GO:0005737	2	SPU_023670	0.010550926
"cytoplasm"	GO:0005737	2	SPU_023766	-1.225107399
"cytoplasm"	GO:0005737	2	SPU_023768	-0.004428148
"cytoplasm"	GO:0005737	2	SPU_023886	0.017986747
"cytoplasm"	GO:0005737	2	SPU_023948	0.758651636
"cytoplasm"	GO:0005737	2	SPU_023951	-0.70299516
"cytoplasm"	GO:0005737	2	SPU_023963	-0.464028089
"cytoplasm"	GO:0005737	2	SPU_024072	-0.068868114
"cytoplasm"	GO:0005737	2	SPU_024103	-0.168586907
"cytoplasm"	GO:0005737	2	SPU_024513	-0.014950351
"cytoplasm"	GO:0005737	2	SPU_024670	0.454577447
"cytoplasm"	GO:0005737	2	SPU_024725	-2.13562399
"cytoplasm"	GO:0005737	2	SPU_025025	0.036945842
"cytoplasm"	GO:0005737	2	SPU_025102	-0.117420324
"cytoplasm"	GO:0005737	2	SPU_025487	0.092759883
"cytoplasm"	GO:0005737	2	SPU_025520	0.745294053
"cytoplasm"	GO:0005737	2	SPU_025554	1.263336047
"cytoplasm"	GO:0005737	2	SPU_025644	-0.011397747
"cytoplasm"	GO:0005737	2	SPU_025697	0.05205969
"cytoplasm"	GO:0005737	2	SPU_025771	0.005280792
"cytoplasm"	GO:0005737	2	SPU_025826	0.004464333
"cytoplasm"	GO:0005737	2	SPU_026357	-0.84318655
"cytoplasm"	GO:0005737	2	SPU_026898	0.079494172
"cytoplasm"	GO:0005737	2	SPU_026918	0.097644134
"cytoplasm"	GO:0005737	2	SPU_027049	-0.03951107
"cytoplasm"	GO:0005737	2	SPU_027216	-0.707589054
"cytoplasm"	GO:0005737	2	SPU_027246	-0.309603991
"cytoplasm"	GO:0005737	2	SPU_027935	0.966694951
"cytoplasm"	GO:0005737	2	SPU_028312	0.624958549
"cytoplasm"	GO:0005737	2	SPU_028477	-0.005065859
"cytoplasm"	GO:0005737	2	SPU_028593	-0.104332575
"cytoplasm"	GO:0005737	2	SPU_028633	-0.005195212
"cytoplasm"	GO:0005737	2	SPU_028917	-0.969041079
"cytoplasm"	GO:0005737	2	SPU_028926	-0.107090784
"ribonucleoprotein complex"	GO:1990904	2	SPU_000303	-0.000155534
"ribonucleoprotein complex"	GO:1990904	2	SPU_000405	0.176752819
"ribonucleoprotein complex"	GO:1990904	2	SPU_001889	0.139007989
"ribonucleoprotein complex"	GO:1990904	2	SPU_003197	-0.528349941
"ribonucleoprotein complex"	GO:1990904	2	SPU_004635	-0.092853371
"ribonucleoprotein complex"	GO:1990904	2	SPU_004782	0.337724845
"ribonucleoprotein complex"	GO:1990904	2	SPU_005252	-0.013539171
"ribonucleoprotein complex"	GO:1990904	2	SPU_005528	0.221974279
"ribonucleoprotein complex"	GO:1990904	2	SPU_005944	0.009081203
"ribonucleoprotein complex"	GO:1990904	2	SPU_006213	-0.660532786
"ribonucleoprotein complex"	GO:1990904	2	SPU_007057	0.011441011
"ribonucleoprotein complex"	GO:1990904	2	SPU_007265	-0.27473796
"ribonucleoprotein complex"	GO:1990904	2	SPU_008394	-0.001747271
"ribonucleoprotein complex"	GO:1990904	2	SPU_008852	0.016611828
"ribonucleoprotein complex"	GO:1990904	2	SPU_009068	-0.014729021
"ribonucleoprotein complex"	GO:1990904	2	SPU_010312	0.028715477
"ribonucleoprotein complex"	GO:1990904	2	SPU_011015	0.021600967
"ribonucleoprotein complex"	GO:1990904	2	SPU_012930	0.144503768
"ribonucleoprotein complex"	GO:1990904	2	SPU_013452	0.004102356
"ribonucleoprotein complex"	GO:1990904	2	SPU_013662	0.030976716
"ribonucleoprotein complex"	GO:1990904	2	SPU_014454	-0.004643695
"ribonucleoprotein complex"	GO:1990904	2	SPU_015342	-1.487033111
"ribonucleoprotein complex"	GO:1990904	2	SPU_015827	0.049438747
"ribonucleoprotein complex"	GO:1990904	2	SPU_017142	-0.143503967
"ribonucleoprotein complex"	GO:1990904	2	SPU_017204	0.919770043
"ribonucleoprotein complex"	GO:1990904	2	SPU_017205	-0.430683198
"ribonucleoprotein complex"	GO:1990904	2	SPU_018172	0.27308183
"ribonucleoprotein complex"	GO:1990904	2	SPU_018995	-0.036542499
"ribonucleoprotein complex"	GO:1990904	2	SPU_019736	-0.007940554
"ribonucleoprotein complex"	GO:1990904	2	SPU_020329	1.89669401
"ribonucleoprotein complex"	GO:1990904	2	SPU_020766	0.059476986
"ribonucleoprotein complex"	GO:1990904	2	SPU_021168	0.088179483
"ribonucleoprotein complex"	GO:1990904	2	SPU_022957	-0.000641994
"ribonucleoprotein complex"	GO:1990904	2	SPU_023529	-0.005704614
"ribonucleoprotein complex"	GO:1990904	2	SPU_023895	0.033866717
"ribonucleoprotein complex"	GO:1990904	2	SPU_024348	0.015586741
"ribonucleoprotein complex"	GO:1990904	2	SPU_024432	-0.02176196
"ribonucleoprotein complex"	GO:1990904	2	SPU_026500	0.002647532
"ribonucleoprotein complex"	GO:1990904	2	SPU_026541	0.025506983
"ribonucleoprotein complex"	GO:1990904	2	SPU_026620	0.049667112
"ribonucleoprotein complex"	GO:1990904	2	SPU_028561	0.330032111
"ribonucleoprotein complex"	GO:1990904	2	SPU_028771	-0.91654572
"membrane coat"	GO:0030117	2	SPU_001332	1.245663887
"membrane coat"	GO:0030117	2	SPU_002616	0.000458825
"membrane coat"	GO:0030117	2	SPU_002714	-0.226510221
"membrane coat"	GO:0030117	2	SPU_003070	1.322752865
"membrane coat"	GO:0030117	2	SPU_004682	0.218387664
"membrane coat"	GO:0030117	2	SPU_004963	0.014743685
"membrane coat"	GO:0030117	2	SPU_005405	-0.466861222
"membrane coat"	GO:0030117	2	SPU_005583	-1.094834222
"membrane coat"	GO:0030117	2	SPU_006436	-0.859086618
"membrane coat"	GO:0030117	2	SPU_007942	0.023642245
"membrane coat"	GO:0030117	2	SPU_008143	0.063617158
"membrane coat"	GO:0030117	2	SPU_008449	0.001914954
"membrane coat"	GO:0030117	2	SPU_009513	0.009614181
"membrane coat"	GO:0030117	2	SPU_011577	0.052604922
"membrane coat"	GO:0030117	2	SPU_012559	0.008284118
"membrane coat"	GO:0030117	2	SPU_013675	0.070980338
"membrane coat"	GO:0030117	2	SPU_014811	0.149079038
"membrane coat"	GO:0030117	2	SPU_015556	-0.408653806
"membrane coat"	GO:0030117	2	SPU_017792	1.148769927
"membrane coat"	GO:0030117	2	SPU_018350	0.062193921
"membrane coat"	GO:0030117	2	SPU_020029	0.402568535
"membrane coat"	GO:0030117	2	SPU_020030	-0.052622501
"membrane coat"	GO:0030117	2	SPU_023647	-0.009502491
"membrane coat"	GO:0030117	2	SPU_023750	-0.042645305
"membrane coat"	GO:0030117	2	SPU_024893	0.55867335
"membrane coat"	GO:0030117	2	SPU_025016	0.024983177
"membrane coat"	GO:0030117	2	SPU_025121	-0.764785321
"membrane coat"	GO:0030117	2	SPU_025229	0.05418426
"membrane coat"	GO:0030117	2	SPU_028420	-0.21558094
"ribosome"	GO:0005840	3	SPU_000379	0.006226996
"ribosome"	GO:0005840	3	SPU_000395	-0.06552298
"ribosome"	GO:0005840	3	SPU_002458	0.048012269
"ribosome"	GO:0005840	3	SPU_002606	0.037969211
"ribosome"	GO:0005840	3	SPU_003485	0.004252942
"ribosome"	GO:0005840	3	SPU_003718	-0.010625223
"ribosome"	GO:0005840	3	SPU_003849	-0.029472777
"ribosome"	GO:0005840	3	SPU_003905	0.029312584
"ribosome"	GO:0005840	3	SPU_004609	-0.54199413
"ribosome"	GO:0005840	3	SPU_004721	0.168437135
"ribosome"	GO:0005840	3	SPU_004996	0.01478673
"ribosome"	GO:0005840	3	SPU_005227	-0.073402223
"ribosome"	GO:0005840	3	SPU_005280	-0.072914097
"ribosome"	GO:0005840	3	SPU_005401	-0.020292838
"ribosome"	GO:0005840	3	SPU_005571	-0.16077552
"ribosome"	GO:0005840	3	SPU_005700	0.016542021
"ribosome"	GO:0005840	3	SPU_005709	-0.030591575
"ribosome"	GO:0005840	3	SPU_006034	0.003822315
"ribosome"	GO:0005840	3	SPU_006213	-0.660532786
"ribosome"	GO:0005840	3	SPU_006459	0.126381611
"ribosome"	GO:0005840	3	SPU_006569	-0.004683353
"ribosome"	GO:0005840	3	SPU_007057	0.011441011
"ribosome"	GO:0005840	3	SPU_007327	-0.098813584
"ribosome"	GO:0005840	3	SPU_007971	-0.06515206
"ribosome"	GO:0005840	3	SPU_008211	0.015860823
"ribosome"	GO:0005840	3	SPU_008650	0.127589062
"ribosome"	GO:0005840	3	SPU_008778	-0.211559867
"ribosome"	GO:0005840	3	SPU_009084	0.021952601
"ribosome"	GO:0005840	3	SPU_009141	0.023882275
"ribosome"	GO:0005840	3	SPU_010279	0.033841969
"ribosome"	GO:0005840	3	SPU_010528	0.001816322
"ribosome"	GO:0005840	3	SPU_010626	0.243915222
"ribosome"	GO:0005840	3	SPU_010688	-0.008865597
"ribosome"	GO:0005840	3	SPU_010692	0.08019954
"ribosome"	GO:0005840	3	SPU_011054	0.010157094
"ribosome"	GO:0005840	3	SPU_011111	0.267120342
"ribosome"	GO:0005840	3	SPU_011243	0.140276071
"ribosome"	GO:0005840	3	SPU_011244	0.030371901
"ribosome"	GO:0005840	3	SPU_011352	0.189351729
"ribosome"	GO:0005840	3	SPU_011703	0.023879978
"ribosome"	GO:0005840	3	SPU_012377	0.006148129
"ribosome"	GO:0005840	3	SPU_012865	0.008841187
"ribosome"	GO:0005840	3	SPU_013452	0.004102356
"ribosome"	GO:0005840	3	SPU_013662	0.030976716
"ribosome"	GO:0005840	3	SPU_013834	0.003647729
"ribosome"	GO:0005840	3	SPU_014060	0.083153044
"ribosome"	GO:0005840	3	SPU_014074	-0.230729849
"ribosome"	GO:0005840	3	SPU_014454	-0.004643695
"ribosome"	GO:0005840	3	SPU_015260	-0.019104252
"ribosome"	GO:0005840	3	SPU_015276	0.001546033
"ribosome"	GO:0005840	3	SPU_015294	0.020069822
"ribosome"	GO:0005840	3	SPU_015327	0.047578684
"ribosome"	GO:0005840	3	SPU_015343	0.116273848
"ribosome"	GO:0005840	3	SPU_015666	0.075702172
"ribosome"	GO:0005840	3	SPU_017132	0.992094105
"ribosome"	GO:0005840	3	SPU_018318	-0.02079241
"ribosome"	GO:0005840	3	SPU_018674	-0.009437286
"ribosome"	GO:0005840	3	SPU_018801	0.018966536
"ribosome"	GO:0005840	3	SPU_018851	-0.321361692
"ribosome"	GO:0005840	3	SPU_018866	-0.006367548
"ribosome"	GO:0005840	3	SPU_018884	-0.019990173
"ribosome"	GO:0005840	3	SPU_019736	-0.007940554
"ribosome"	GO:0005840	3	SPU_019788	0.028058067
"ribosome"	GO:0005840	3	SPU_020487	-0.047593903
"ribosome"	GO:0005840	3	SPU_020627	0.043654843
"ribosome"	GO:0005840	3	SPU_020745	0.035911728
"ribosome"	GO:0005840	3	SPU_021322	0.016115592
"ribosome"	GO:0005840	3	SPU_021702	-0.015551644
"ribosome"	GO:0005840	3	SPU_021739	-0.024059532
"ribosome"	GO:0005840	3	SPU_021924	-0.041958813
"ribosome"	GO:0005840	3	SPU_022161	-0.00290596
"ribosome"	GO:0005840	3	SPU_022607	0.078591914
"ribosome"	GO:0005840	3	SPU_022682	-0.288769519
"ribosome"	GO:0005840	3	SPU_023692	-0.004754396
"ribosome"	GO:0005840	3	SPU_025318	0.093149457
"ribosome"	GO:0005840	3	SPU_025569	0.015264318
"ribosome"	GO:0005840	3	SPU_025574	-0.086476554
"ribosome"	GO:0005840	3	SPU_026541	0.025506983
"ribosome"	GO:0005840	3	SPU_026671	0.023896702
"ribosome"	GO:0005840	3	SPU_027149	0.033316397
"ribosome"	GO:0005840	3	SPU_028155	-0.624488912
"ribosome"	GO:0005840	3	SPU_028226	-0.001459953
"ribosome"	GO:0005840	3	SPU_028247	-0.000682671
"ribosome"	GO:0005840	3	SPU_028306	0.077209876
"ribosome"	GO:0005840	3	SPU_028837	-0.003775043
"ribosome"	GO:0005840	3	SPU_028866	-0.005039411
"intracellular non-membrane-bounded organelle"	GO:0043232;GO:0043228	2	SPU_000379	0.006226996
"intracellular non-membrane-bounded organelle"	GO:0043232;GO:0043228	2	SPU_000395	-0.06552298
"intracellular non-membrane-bounded organelle"	GO:0043232;GO:0043228	2	SPU_001232	-0.158948535
"intracellular non-membrane-bounded organelle"	GO:0043232;GO:0043228	2	SPU_001462	0.07208356
"intracellular non-membrane-bounded organelle"	GO:0043232;GO:0043228	2	SPU_001935	0.12177789
"intracellular non-membrane-bounded organelle"	GO:0043232;GO:0043228	2	SPU_002458	0.048012269
"intracellular non-membrane-bounded organelle"	GO:0043232;GO:0043228	2	SPU_002536	-0.233780431
"intracellular non-membrane-bounded organelle"	GO:0043232;GO:0043228	2	SPU_002606	0.037969211
"intracellular non-membrane-bounded organelle"	GO:0043232;GO:0043228	2	SPU_003485	0.004252942
"intracellular non-membrane-bounded organelle"	GO:0043232;GO:0043228	2	SPU_003521	-0.000266207
"intracellular non-membrane-bounded organelle"	GO:0043232;GO:0043228	2	SPU_003718	-0.010625223
"intracellular non-membrane-bounded organelle"	GO:0043232;GO:0043228	2	SPU_003772	0.174549872
"intracellular non-membrane-bounded organelle"	GO:0043232;GO:0043228	2	SPU_003849	-0.029472777
"intracellular non-membrane-bounded organelle"	GO:0043232;GO:0043228	2	SPU_003905	0.029312584
"intracellular non-membrane-bounded organelle"	GO:0043232;GO:0043228	2	SPU_004609	-0.54199413
"intracellular non-membrane-bounded organelle"	GO:0043232;GO:0043228	2	SPU_004721	0.168437135
"intracellular non-membrane-bounded organelle"	GO:0043232;GO:0043228	2	SPU_004996	0.01478673
"intracellular non-membrane-bounded organelle"	GO:0043232;GO:0043228	2	SPU_005227	-0.073402223
"intracellular non-membrane-bounded organelle"	GO:0043232;GO:0043228	2	SPU_005280	-0.072914097
"intracellular non-membrane-bounded organelle"	GO:0043232;GO:0043228	2	SPU_005401	-0.020292838
"intracellular non-membrane-bounded organelle"	GO:0043232;GO:0043228	2	SPU_005571	-0.16077552
"intracellular non-membrane-bounded organelle"	GO:0043232;GO:0043228	2	SPU_005700	0.016542021
"intracellular non-membrane-bounded organelle"	GO:0043232;GO:0043228	2	SPU_005709	-0.030591575
"intracellular non-membrane-bounded organelle"	GO:0043232;GO:0043228	2	SPU_006034	0.003822315
"intracellular non-membrane-bounded organelle"	GO:0043232;GO:0043228	2	SPU_006213	-0.660532786
"intracellular non-membrane-bounded organelle"	GO:0043232;GO:0043228	2	SPU_006459	0.126381611
"intracellular non-membrane-bounded organelle"	GO:0043232;GO:0043228	2	SPU_006569	-0.004683353
"intracellular non-membrane-bounded organelle"	GO:0043232;GO:0043228	2	SPU_007057	0.011441011
"intracellular non-membrane-bounded organelle"	GO:0043232;GO:0043228	2	SPU_007261	-0.187818959
"intracellular non-membrane-bounded organelle"	GO:0043232;GO:0043228	2	SPU_007327	-0.098813584
"intracellular non-membrane-bounded organelle"	GO:0043232;GO:0043228	2	SPU_007593	-0.068013702
"intracellular non-membrane-bounded organelle"	GO:0043232;GO:0043228	2	SPU_007971	-0.06515206
"intracellular non-membrane-bounded organelle"	GO:0043232;GO:0043228	2	SPU_008211	0.015860823
"intracellular non-membrane-bounded organelle"	GO:0043232;GO:0043228	2	SPU_008221	0.149621735
"intracellular non-membrane-bounded organelle"	GO:0043232;GO:0043228	2	SPU_008398	-0.310903535
"intracellular non-membrane-bounded organelle"	GO:0043232;GO:0043228	2	SPU_008447	-0.058360166
"intracellular non-membrane-bounded organelle"	GO:0043232;GO:0043228	2	SPU_008636	-0.89847918
"intracellular non-membrane-bounded organelle"	GO:0043232;GO:0043228	2	SPU_008650	0.127589062
"intracellular non-membrane-bounded organelle"	GO:0043232;GO:0043228	2	SPU_008778	-0.211559867
"intracellular non-membrane-bounded organelle"	GO:0043232;GO:0043228	2	SPU_009084	0.021952601
"intracellular non-membrane-bounded organelle"	GO:0043232;GO:0043228	2	SPU_009141	0.023882275
"intracellular non-membrane-bounded organelle"	GO:0043232;GO:0043228	2	SPU_010158	-0.047239417
"intracellular non-membrane-bounded organelle"	GO:0043232;GO:0043228	2	SPU_010279	0.033841969
"intracellular non-membrane-bounded organelle"	GO:0043232;GO:0043228	2	SPU_010528	0.001816322
"intracellular non-membrane-bounded organelle"	GO:0043232;GO:0043228	2	SPU_010626	0.243915222
"intracellular non-membrane-bounded organelle"	GO:0043232;GO:0043228	2	SPU_010688	-0.008865597
"intracellular non-membrane-bounded organelle"	GO:0043232;GO:0043228	2	SPU_010692	0.08019954
"intracellular non-membrane-bounded organelle"	GO:0043232;GO:0043228	2	SPU_011054	0.010157094
"intracellular non-membrane-bounded organelle"	GO:0043232;GO:0043228	2	SPU_011111	0.267120342
"intracellular non-membrane-bounded organelle"	GO:0043232;GO:0043228	2	SPU_011243	0.140276071
"intracellular non-membrane-bounded organelle"	GO:0043232;GO:0043228	2	SPU_011244	0.030371901
"intracellular non-membrane-bounded organelle"	GO:0043232;GO:0043228	2	SPU_011352	0.189351729
"intracellular non-membrane-bounded organelle"	GO:0043232;GO:0043228	2	SPU_011703	0.023879978
"intracellular non-membrane-bounded organelle"	GO:0043232;GO:0043228	2	SPU_011723	0.228845384
"intracellular non-membrane-bounded organelle"	GO:0043232;GO:0043228	2	SPU_012228	0.002297235
"intracellular non-membrane-bounded organelle"	GO:0043232;GO:0043228	2	SPU_012377	0.006148129
"intracellular non-membrane-bounded organelle"	GO:0043232;GO:0043228	2	SPU_012865	0.008841187
"intracellular non-membrane-bounded organelle"	GO:0043232;GO:0043228	2	SPU_013161	0.176375201
"intracellular non-membrane-bounded organelle"	GO:0043232;GO:0043228	2	SPU_013452	0.004102356
"intracellular non-membrane-bounded organelle"	GO:0043232;GO:0043228	2	SPU_013515	0.059168662
"intracellular non-membrane-bounded organelle"	GO:0043232;GO:0043228	2	SPU_013577	-0.011670479
"intracellular non-membrane-bounded organelle"	GO:0043232;GO:0043228	2	SPU_013617	-0.084825845
"intracellular non-membrane-bounded organelle"	GO:0043232;GO:0043228	2	SPU_013662	0.030976716
"intracellular non-membrane-bounded organelle"	GO:0043232;GO:0043228	2	SPU_013834	0.003647729
"intracellular non-membrane-bounded organelle"	GO:0043232;GO:0043228	2	SPU_013859	0.136825255
"intracellular non-membrane-bounded organelle"	GO:0043232;GO:0043228	2	SPU_013862	-0.386738503
"intracellular non-membrane-bounded organelle"	GO:0043232;GO:0043228	2	SPU_014060	0.083153044
"intracellular non-membrane-bounded organelle"	GO:0043232;GO:0043228	2	SPU_014074	-0.230729849
"intracellular non-membrane-bounded organelle"	GO:0043232;GO:0043228	2	SPU_014454	-0.004643695
"intracellular non-membrane-bounded organelle"	GO:0043232;GO:0043228	2	SPU_014728	-0.042433206
"intracellular non-membrane-bounded organelle"	GO:0043232;GO:0043228	2	SPU_014957	-0.031133672
"intracellular non-membrane-bounded organelle"	GO:0043232;GO:0043228	2	SPU_015260	-0.019104252
"intracellular non-membrane-bounded organelle"	GO:0043232;GO:0043228	2	SPU_015276	0.001546033
"intracellular non-membrane-bounded organelle"	GO:0043232;GO:0043228	2	SPU_015294	0.020069822
"intracellular non-membrane-bounded organelle"	GO:0043232;GO:0043228	2	SPU_015327	0.047578684
"intracellular non-membrane-bounded organelle"	GO:0043232;GO:0043228	2	SPU_015334	-0.359638258
"intracellular non-membrane-bounded organelle"	GO:0043232;GO:0043228	2	SPU_015343	0.116273848
"intracellular non-membrane-bounded organelle"	GO:0043232;GO:0043228	2	SPU_015414	0.099641923
"intracellular non-membrane-bounded organelle"	GO:0043232;GO:0043228	2	SPU_015666	0.075702172
"intracellular non-membrane-bounded organelle"	GO:0043232;GO:0043228	2	SPU_017132	0.992094105
"intracellular non-membrane-bounded organelle"	GO:0043232;GO:0043228	2	SPU_017310	0.392538316
"intracellular non-membrane-bounded organelle"	GO:0043232;GO:0043228	2	SPU_017319	-0.528893475
"intracellular non-membrane-bounded organelle"	GO:0043232;GO:0043228	2	SPU_017502	0.089995352
"intracellular non-membrane-bounded organelle"	GO:0043232;GO:0043228	2	SPU_018210	0.007467861
"intracellular non-membrane-bounded organelle"	GO:0043232;GO:0043228	2	SPU_018318	-0.02079241
"intracellular non-membrane-bounded organelle"	GO:0043232;GO:0043228	2	SPU_018674	-0.009437286
"intracellular non-membrane-bounded organelle"	GO:0043232;GO:0043228	2	SPU_018705	0.021223215
"intracellular non-membrane-bounded organelle"	GO:0043232;GO:0043228	2	SPU_018801	0.018966536
"intracellular non-membrane-bounded organelle"	GO:0043232;GO:0043228	2	SPU_018851	-0.321361692
"intracellular non-membrane-bounded organelle"	GO:0043232;GO:0043228	2	SPU_018866	-0.006367548
"intracellular non-membrane-bounded organelle"	GO:0043232;GO:0043228	2	SPU_018884	-0.019990173
"intracellular non-membrane-bounded organelle"	GO:0043232;GO:0043228	2	SPU_019686	0.617357716
"intracellular non-membrane-bounded organelle"	GO:0043232;GO:0043228	2	SPU_019736	-0.007940554
"intracellular non-membrane-bounded organelle"	GO:0043232;GO:0043228	2	SPU_019788	0.028058067
"intracellular non-membrane-bounded organelle"	GO:0043232;GO:0043228	2	SPU_020487	-0.047593903
"intracellular non-membrane-bounded organelle"	GO:0043232;GO:0043228	2	SPU_020627	0.043654843
"intracellular non-membrane-bounded organelle"	GO:0043232;GO:0043228	2	SPU_020742	0.734066681
"intracellular non-membrane-bounded organelle"	GO:0043232;GO:0043228	2	SPU_020745	0.035911728
"intracellular non-membrane-bounded organelle"	GO:0043232;GO:0043228	2	SPU_020787	-0.108464205
"intracellular non-membrane-bounded organelle"	GO:0043232;GO:0043228	2	SPU_021322	0.016115592
"intracellular non-membrane-bounded organelle"	GO:0043232;GO:0043228	2	SPU_021629	-0.804406096
"intracellular non-membrane-bounded organelle"	GO:0043232;GO:0043228	2	SPU_021702	-0.015551644
"intracellular non-membrane-bounded organelle"	GO:0043232;GO:0043228	2	SPU_021739	-0.024059532
"intracellular non-membrane-bounded organelle"	GO:0043232;GO:0043228	2	SPU_021924	-0.041958813
"intracellular non-membrane-bounded organelle"	GO:0043232;GO:0043228	2	SPU_022040	-0.113321202
"intracellular non-membrane-bounded organelle"	GO:0043232;GO:0043228	2	SPU_022161	-0.00290596
"intracellular non-membrane-bounded organelle"	GO:0043232;GO:0043228	2	SPU_022607	0.078591914
"intracellular non-membrane-bounded organelle"	GO:0043232;GO:0043228	2	SPU_022682	-0.288769519
"intracellular non-membrane-bounded organelle"	GO:0043232;GO:0043228	2	SPU_023370	0.103120336
"intracellular non-membrane-bounded organelle"	GO:0043232;GO:0043228	2	SPU_023423	0.028802059
"intracellular non-membrane-bounded organelle"	GO:0043232;GO:0043228	2	SPU_023549	-0.190548251
"intracellular non-membrane-bounded organelle"	GO:0043232;GO:0043228	2	SPU_023692	-0.004754396
"intracellular non-membrane-bounded organelle"	GO:0043232;GO:0043228	2	SPU_024467	0.419544099
"intracellular non-membrane-bounded organelle"	GO:0043232;GO:0043228	2	SPU_024546	0.199030074
"intracellular non-membrane-bounded organelle"	GO:0043232;GO:0043228	2	SPU_025185	1.530476934
"intracellular non-membrane-bounded organelle"	GO:0043232;GO:0043228	2	SPU_025318	0.093149457
"intracellular non-membrane-bounded organelle"	GO:0043232;GO:0043228	2	SPU_025343	-0.895132254
"intracellular non-membrane-bounded organelle"	GO:0043232;GO:0043228	2	SPU_025569	0.015264318
"intracellular non-membrane-bounded organelle"	GO:0043232;GO:0043228	2	SPU_025574	-0.086476554
"intracellular non-membrane-bounded organelle"	GO:0043232;GO:0043228	2	SPU_026256	0.042597078
"intracellular non-membrane-bounded organelle"	GO:0043232;GO:0043228	2	SPU_026427	0.339908298
"intracellular non-membrane-bounded organelle"	GO:0043232;GO:0043228	2	SPU_026541	0.025506983
"intracellular non-membrane-bounded organelle"	GO:0043232;GO:0043228	2	SPU_026671	0.023896702
"intracellular non-membrane-bounded organelle"	GO:0043232;GO:0043228	2	SPU_026892	-0.782430062
"intracellular non-membrane-bounded organelle"	GO:0043232;GO:0043228	2	SPU_027149	0.033316397
"intracellular non-membrane-bounded organelle"	GO:0043232;GO:0043228	2	SPU_027778	-0.097988695
"intracellular non-membrane-bounded organelle"	GO:0043232;GO:0043228	2	SPU_028036	0.093350998
"intracellular non-membrane-bounded organelle"	GO:0043232;GO:0043228	2	SPU_028155	-0.624488912
"intracellular non-membrane-bounded organelle"	GO:0043232;GO:0043228	2	SPU_028226	-0.001459953
"intracellular non-membrane-bounded organelle"	GO:0043232;GO:0043228	2	SPU_028247	-0.000682671
"intracellular non-membrane-bounded organelle"	GO:0043232;GO:0043228	2	SPU_028306	0.077209876
"intracellular non-membrane-bounded organelle"	GO:0043232;GO:0043228	2	SPU_028592	-0.03343089
"intracellular non-membrane-bounded organelle"	GO:0043232;GO:0043228	2	SPU_028781	-0.180148367
"intracellular non-membrane-bounded organelle"	GO:0043232;GO:0043228	2	SPU_028837	-0.003775043
"intracellular non-membrane-bounded organelle"	GO:0043232;GO:0043228	2	SPU_028866	-0.005039411
"intracellular non-membrane-bounded organelle"	GO:0043232;GO:0043228	2	SPU_028926	-0.107090784
"intracellular protein-containing complex"	GO:0140535	2	SPU_000088	-0.280106653
"intracellular protein-containing complex"	GO:0140535	2	SPU_000178	-1.093938419
"intracellular protein-containing complex"	GO:0140535	2	SPU_002007	-1.869169874
"intracellular protein-containing complex"	GO:0140535	2	SPU_002347	-0.260222191
"intracellular protein-containing complex"	GO:0140535	2	SPU_002933	2.200081274
"intracellular protein-containing complex"	GO:0140535	2	SPU_003119	-0.025111128
"intracellular protein-containing complex"	GO:0140535	2	SPU_003120	-1.42118749
"intracellular protein-containing complex"	GO:0140535	2	SPU_004393	0.193858721
"intracellular protein-containing complex"	GO:0140535	2	SPU_005644	0.014421273
"intracellular protein-containing complex"	GO:0140535	2	SPU_006755	-0.91754375
"intracellular protein-containing complex"	GO:0140535	2	SPU_007377	0.405160651
"intracellular protein-containing complex"	GO:0140535	2	SPU_008018	0.519669601
"intracellular protein-containing complex"	GO:0140535	2	SPU_008395	-0.051782407
"intracellular protein-containing complex"	GO:0140535	2	SPU_008469	0.122406865
"intracellular protein-containing complex"	GO:0140535	2	SPU_008501	0.126807033
"intracellular protein-containing complex"	GO:0140535	2	SPU_009838	-0.094146409
"intracellular protein-containing complex"	GO:0140535	2	SPU_010339	-0.373293472
"intracellular protein-containing complex"	GO:0140535	2	SPU_011442	-0.049110293
"intracellular protein-containing complex"	GO:0140535	2	SPU_011676	0.17775561
"intracellular protein-containing complex"	GO:0140535	2	SPU_011685	-0.300331136
"intracellular protein-containing complex"	GO:0140535	2	SPU_012580	1.130751306
"intracellular protein-containing complex"	GO:0140535	2	SPU_012696	0.094943287
"intracellular protein-containing complex"	GO:0140535	2	SPU_013040	0.223110817
"intracellular protein-containing complex"	GO:0140535	2	SPU_013642	0.349609444
"intracellular protein-containing complex"	GO:0140535	2	SPU_013996	0.517523765
"intracellular protein-containing complex"	GO:0140535	2	SPU_014281	0.426442869
"intracellular protein-containing complex"	GO:0140535	2	SPU_014980	-0.024843393
"intracellular protein-containing complex"	GO:0140535	2	SPU_015754	-1.27123673
"intracellular protein-containing complex"	GO:0140535	2	SPU_015843	-0.457340089
"intracellular protein-containing complex"	GO:0140535	2	SPU_016763	0.008772496
"intracellular protein-containing complex"	GO:0140535	2	SPU_018419	-0.045533819
"intracellular protein-containing complex"	GO:0140535	2	SPU_018512	0.361435283
"intracellular protein-containing complex"	GO:0140535	2	SPU_018552	1.069621677
"intracellular protein-containing complex"	GO:0140535	2	SPU_018554	-0.056372765
"intracellular protein-containing complex"	GO:0140535	2	SPU_018555	-0.167391588
"intracellular protein-containing complex"	GO:0140535	2	SPU_018556	0.173066081
"intracellular protein-containing complex"	GO:0140535	2	SPU_019171	1.123960528
"intracellular protein-containing complex"	GO:0140535	2	SPU_019172	-0.082645521
"intracellular protein-containing complex"	GO:0140535	2	SPU_019174	0.035252059
"intracellular protein-containing complex"	GO:0140535	2	SPU_019604	-0.618045069
"intracellular protein-containing complex"	GO:0140535	2	SPU_019875	-0.003832152
"intracellular protein-containing complex"	GO:0140535	2	SPU_020495	-0.211073689
"intracellular protein-containing complex"	GO:0140535	2	SPU_021036	0.018429444
"intracellular protein-containing complex"	GO:0140535	2	SPU_021077	0.387153726
"intracellular protein-containing complex"	GO:0140535	2	SPU_021121	0.344692008
"intracellular protein-containing complex"	GO:0140535	2	SPU_021620	-0.025676121
"intracellular protein-containing complex"	GO:0140535	2	SPU_022038	-1.231118496
"intracellular protein-containing complex"	GO:0140535	2	SPU_022309	-0.166159974
"intracellular protein-containing complex"	GO:0140535	2	SPU_022327	0.000965071
"intracellular protein-containing complex"	GO:0140535	2	SPU_022674	-0.005527408
"intracellular protein-containing complex"	GO:0140535	2	SPU_022917	-0.144419774
"intracellular protein-containing complex"	GO:0140535	2	SPU_024153	0.337913872
"intracellular protein-containing complex"	GO:0140535	2	SPU_024345	-0.106687694
"intracellular protein-containing complex"	GO:0140535	2	SPU_024737	0.215232729
"intracellular protein-containing complex"	GO:0140535	2	SPU_025321	0.84461326
"intracellular protein-containing complex"	GO:0140535	2	SPU_025818	0.016890015
"intracellular protein-containing complex"	GO:0140535	2	SPU_026147	0.1448937
"intracellular protein-containing complex"	GO:0140535	2	SPU_026535	-0.202930995
"intracellular protein-containing complex"	GO:0140535	2	SPU_028524	-0.015987757
"intracellular protein-containing complex"	GO:0140535	2	SPU_028722	-0.13510641
"intracellular protein-containing complex"	GO:0140535	2	SPU_028912	0.110119273
"organelle membrane"	GO:0031090	2	SPU_001579	-0.008521221
"organelle membrane"	GO:0031090	2	SPU_002179	-0.549406936
"organelle membrane"	GO:0031090	2	SPU_002398	1.190551061
"organelle membrane"	GO:0031090	2	SPU_003959	0.002636497
"organelle membrane"	GO:0031090	2	SPU_004509	0.309658676
"organelle membrane"	GO:0031090	2	SPU_004564	0.432425299
"organelle membrane"	GO:0031090	2	SPU_005110	-0.475635982
"organelle membrane"	GO:0031090	2	SPU_006206	-1.724347832
"organelle membrane"	GO:0031090	2	SPU_007142	1.183097822
"organelle membrane"	GO:0031090	2	SPU_008505	0.11815641
"organelle membrane"	GO:0031090	2	SPU_008692	0.137885707
"organelle membrane"	GO:0031090	2	SPU_009014	-0.001355206
"organelle membrane"	GO:0031090	2	SPU_009107	0.082541698
"organelle membrane"	GO:0031090	2	SPU_009673	0.283148511
"organelle membrane"	GO:0031090	2	SPU_009674	2.374929308
"organelle membrane"	GO:0031090	2	SPU_009922	0.851235689
"organelle membrane"	GO:0031090	2	SPU_010010	-0.618615468
"organelle membrane"	GO:0031090	2	SPU_011261	-0.067419685
"organelle membrane"	GO:0031090	2	SPU_011313	0.012641452
"organelle membrane"	GO:0031090	2	SPU_012047	-0.487853874
"organelle membrane"	GO:0031090	2	SPU_012397	0.181722344
"organelle membrane"	GO:0031090	2	SPU_012712	-0.190026839
"organelle membrane"	GO:0031090	2	SPU_014660	0.003652836
"organelle membrane"	GO:0031090	2	SPU_015067	0.007190638
"organelle membrane"	GO:0031090	2	SPU_015257	-0.932746598
"organelle membrane"	GO:0031090	2	SPU_015506	0.002904668
"organelle membrane"	GO:0031090	2	SPU_015644	0.008458547
"organelle membrane"	GO:0031090	2	SPU_016404	-0.197859925
"organelle membrane"	GO:0031090	2	SPU_018130	-1.027341645
"organelle membrane"	GO:0031090	2	SPU_019074	-0.069766373
"organelle membrane"	GO:0031090	2	SPU_019118	0.009168445
"organelle membrane"	GO:0031090	2	SPU_019603	0.551726172
"organelle membrane"	GO:0031090	2	SPU_019782	0.046522006
"organelle membrane"	GO:0031090	2	SPU_020788	-1.132836149
"organelle membrane"	GO:0031090	2	SPU_023426	0.065874202
"organelle membrane"	GO:0031090	2	SPU_023648	1.774015121
"organelle membrane"	GO:0031090	2	SPU_023829	0.966377119
"organelle membrane"	GO:0031090	2	SPU_024224	-0.104772758
"organelle membrane"	GO:0031090	2	SPU_024417	-0.013588607
"organelle membrane"	GO:0031090	2	SPU_024446	-0.009731034
"organelle membrane"	GO:0031090	2	SPU_025102	-0.117420324
"organelle membrane"	GO:0031090	2	SPU_025777	0.005355118
"organelle membrane"	GO:0031090	2	SPU_025858	-0.049588388
"organelle membrane"	GO:0031090	2	SPU_026238	0.168885006
"organelle membrane"	GO:0031090	2	SPU_026618	0.028891783
"organelle membrane"	GO:0031090	2	SPU_027236	0.025337176
"organelle membrane"	GO:0031090	2	SPU_027418	-0.373943062
"organelle membrane"	GO:0031090	2	SPU_028500	0.381021494
"myosin complex"	GO:0016459	2	SPU_000832	-0.45749641
"myosin complex"	GO:0016459	2	SPU_001633	0.170031854
"myosin complex"	GO:0016459	2	SPU_001634	-0.236973348
"myosin complex"	GO:0016459	2	SPU_002723	0.328545218
"myosin complex"	GO:0016459	2	SPU_003881	0.092766614
"myosin complex"	GO:0016459	2	SPU_003900	-1.142786658
"myosin complex"	GO:0016459	2	SPU_003901	-0.16823821
"myosin complex"	GO:0016459	2	SPU_005048	-2.137642413
"myosin complex"	GO:0016459	2	SPU_006811	0.212974617
"myosin complex"	GO:0016459	2	SPU_006850	-0.096861379
"myosin complex"	GO:0016459	2	SPU_007023	0.089166018
"myosin complex"	GO:0016459	2	SPU_009340	0.114278479
"myosin complex"	GO:0016459	2	SPU_013161	0.176375201
"myosin complex"	GO:0016459	2	SPU_013384	0.268984654
"myosin complex"	GO:0016459	2	SPU_014397	-0.197679356
"myosin complex"	GO:0016459	2	SPU_016585	0.213969819
"myosin complex"	GO:0016459	2	SPU_019273	0.072315112
"myosin complex"	GO:0016459	2	SPU_021621	-0.140384526
"myosin complex"	GO:0016459	2	SPU_022456	-0.899837495
"myosin complex"	GO:0016459	2	SPU_023549	-0.190548251
"myosin complex"	GO:0016459	2	SPU_024055	0.040011515
"myosin complex"	GO:0016459	2	SPU_024688	0.681467058
"myosin complex"	GO:0016459	2	SPU_025990	0.128616877
"myosin complex"	GO:0016459	2	SPU_026648	0.438458304
"myosin complex"	GO:0016459	2	SPU_027930	-0.041678946
"myosin complex"	GO:0016459	2	SPU_028913	0.027047338
"microtubule associated complex"	GO:0005875	2	SPU_000982	-1.238066208
"microtubule associated complex"	GO:0005875	2	SPU_001284	-0.076026603
"microtubule associated complex"	GO:0005875	2	SPU_001360	0.124190574
"microtubule associated complex"	GO:0005875	2	SPU_001890	-1.289316405
"microtubule associated complex"	GO:0005875	2	SPU_002985	0.126028328
"microtubule associated complex"	GO:0005875	2	SPU_003122	-0.223717804
"microtubule associated complex"	GO:0005875	2	SPU_003564	0.174834188
"microtubule associated complex"	GO:0005875	2	SPU_003717	-0.065522242
"microtubule associated complex"	GO:0005875	2	SPU_004224	0.290539781
"microtubule associated complex"	GO:0005875	2	SPU_005509	0.034266813
"microtubule associated complex"	GO:0005875	2	SPU_005741	0.097854886
"microtubule associated complex"	GO:0005875	2	SPU_006163	0.617674424
"microtubule associated complex"	GO:0005875	2	SPU_006237	-0.257951623
"microtubule associated complex"	GO:0005875	2	SPU_006260	-1.403211236
"microtubule associated complex"	GO:0005875	2	SPU_006602	0.084481789
"microtubule associated complex"	GO:0005875	2	SPU_007414	-1.122913527
"microtubule associated complex"	GO:0005875	2	SPU_007505	-0.071164439
"microtubule associated complex"	GO:0005875	2	SPU_007560	0.025279046
"microtubule associated complex"	GO:0005875	2	SPU_008162	-1.25590701
"microtubule associated complex"	GO:0005875	2	SPU_008188	-0.458039825
"microtubule associated complex"	GO:0005875	2	SPU_008800	-0.550600509
"microtubule associated complex"	GO:0005875	2	SPU_009783	-0.093956736
"microtubule associated complex"	GO:0005875	2	SPU_010290	-1.124376489
"microtubule associated complex"	GO:0005875	2	SPU_010770	0.641598653
"microtubule associated complex"	GO:0005875	2	SPU_010886	0.760228183
"microtubule associated complex"	GO:0005875	2	SPU_010954	-0.125853564
"microtubule associated complex"	GO:0005875	2	SPU_011353	0.197882066
"microtubule associated complex"	GO:0005875	2	SPU_011681	-0.13330737
"microtubule associated complex"	GO:0005875	2	SPU_012139	-0.095252123
"microtubule associated complex"	GO:0005875	2	SPU_012158	-0.833690079
"microtubule associated complex"	GO:0005875	2	SPU_012418	0.240168447
"microtubule associated complex"	GO:0005875	2	SPU_012757	-0.861725751
"microtubule associated complex"	GO:0005875	2	SPU_012877	0.169568308
"microtubule associated complex"	GO:0005875	2	SPU_013236	-0.450091129
"microtubule associated complex"	GO:0005875	2	SPU_013729	0.284519689
"microtubule associated complex"	GO:0005875	2	SPU_013935	0.079584601
"microtubule associated complex"	GO:0005875	2	SPU_014451	0.037550233
"microtubule associated complex"	GO:0005875	2	SPU_015049	0.320146822
"microtubule associated complex"	GO:0005875	2	SPU_015308	-0.480245027
"microtubule associated complex"	GO:0005875	2	SPU_015809	0.018662736
"microtubule associated complex"	GO:0005875	2	SPU_016050	-0.009438444
"microtubule associated complex"	GO:0005875	2	SPU_016655	0.102689004
"microtubule associated complex"	GO:0005875	2	SPU_016664	0.464033697
"microtubule associated complex"	GO:0005875	2	SPU_018077	0.961225884
"microtubule associated complex"	GO:0005875	2	SPU_018388	0.894669948
"microtubule associated complex"	GO:0005875	2	SPU_018500	-0.156031216
"microtubule associated complex"	GO:0005875	2	SPU_018764	-0.567028374
"microtubule associated complex"	GO:0005875	2	SPU_018898	-0.137385957
"microtubule associated complex"	GO:0005875	2	SPU_019066	0.278246931
"microtubule associated complex"	GO:0005875	2	SPU_019165	0.09193086
"microtubule associated complex"	GO:0005875	2	SPU_020414	-0.401800158
"microtubule associated complex"	GO:0005875	2	SPU_020621	-0.869577534
"microtubule associated complex"	GO:0005875	2	SPU_020634	0.156981905
"microtubule associated complex"	GO:0005875	2	SPU_021317	-0.841189278
"microtubule associated complex"	GO:0005875	2	SPU_021656	-0.231618915
"microtubule associated complex"	GO:0005875	2	SPU_022160	-1.087518239
"microtubule associated complex"	GO:0005875	2	SPU_022756	0.004337598
"microtubule associated complex"	GO:0005875	2	SPU_022840	0.080369586
"microtubule associated complex"	GO:0005875	2	SPU_022982	0.67713144
"microtubule associated complex"	GO:0005875	2	SPU_023126	0.049020176
"microtubule associated complex"	GO:0005875	2	SPU_023560	0.771109579
"microtubule associated complex"	GO:0005875	2	SPU_023679	-0.093018414
"microtubule associated complex"	GO:0005875	2	SPU_024588	-1.889744273
"microtubule associated complex"	GO:0005875	2	SPU_026237	-0.095667514
"microtubule associated complex"	GO:0005875	2	SPU_026280	0.172559651
"microtubule associated complex"	GO:0005875	2	SPU_026281	0.401306175
"microtubule associated complex"	GO:0005875	2	SPU_026343	0.011238851
"microtubule associated complex"	GO:0005875	2	SPU_026667	0.036337939
"microtubule associated complex"	GO:0005875	2	SPU_027552	2.583370258
"microtubule associated complex"	GO:0005875	2	SPU_028057	0.107159629
"microtubule associated complex"	GO:0005875	2	SPU_028189	0.061116141
"microtubule associated complex"	GO:0005875	2	SPU_028826	-0.054156446
"microtubule associated complex"	GO:0005875	2	SPU_030224	0.661776724
"microtubule associated complex"	GO:0005875	2	SPU_030225	-0.059941367
"microtubule associated complex"	GO:0005875	2	SPU_030226	-0.237153852
"microtubule associated complex"	GO:0005875	2	SPU_030228	-0.806159584
"microtubule associated complex"	GO:0005875	2	SPU_030230	-0.041960256
"microtubule associated complex"	GO:0005875	2	SPU_030231	-0.039562437
"microtubule associated complex"	GO:0005875	2	SPU_030234	0.032158644
"microtubule associated complex"	GO:0005875	2	SPU_030235	-0.101990508
"microtubule associated complex"	GO:0005875	2	SPU_030236	-0.545690902
"transferase complex"	GO:1990234	3	SPU_000088	-0.280106653
"transferase complex"	GO:1990234	3	SPU_000206	-0.002913151
"transferase complex"	GO:1990234	3	SPU_002920	-0.258502546
"transferase complex"	GO:1990234	3	SPU_002933	2.200081274
"transferase complex"	GO:1990234	3	SPU_004393	0.193858721
"transferase complex"	GO:1990234	3	SPU_004697	-0.062275025
"transferase complex"	GO:1990234	3	SPU_005644	0.014421273
"transferase complex"	GO:1990234	3	SPU_006755	-0.91754375
"transferase complex"	GO:1990234	3	SPU_007377	0.405160651
"transferase complex"	GO:1990234	3	SPU_008018	0.519669601
"transferase complex"	GO:1990234	3	SPU_008469	0.122406865
"transferase complex"	GO:1990234	3	SPU_008501	0.126807033
"transferase complex"	GO:1990234	3	SPU_009461	-0.121200436
"transferase complex"	GO:1990234	3	SPU_010339	-0.373293472
"transferase complex"	GO:1990234	3	SPU_011676	0.17775561
"transferase complex"	GO:1990234	3	SPU_012580	1.130751306
"transferase complex"	GO:1990234	3	SPU_012696	0.094943287
"transferase complex"	GO:1990234	3	SPU_013346	0.344610552
"transferase complex"	GO:1990234	3	SPU_013996	0.517523765
"transferase complex"	GO:1990234	3	SPU_014071	0.139624963
"transferase complex"	GO:1990234	3	SPU_014281	0.426442869
"transferase complex"	GO:1990234	3	SPU_014569	-0.386602141
"transferase complex"	GO:1990234	3	SPU_014980	-0.024843393
"transferase complex"	GO:1990234	3	SPU_015724	-0.347029152
"transferase complex"	GO:1990234	3	SPU_015843	-0.457340089
"transferase complex"	GO:1990234	3	SPU_015981	-0.417777682
"transferase complex"	GO:1990234	3	SPU_018512	0.361435283
"transferase complex"	GO:1990234	3	SPU_018554	-0.056372765
"transferase complex"	GO:1990234	3	SPU_018555	-0.167391588
"transferase complex"	GO:1990234	3	SPU_018556	0.173066081
"transferase complex"	GO:1990234	3	SPU_019174	0.035252059
"transferase complex"	GO:1990234	3	SPU_019604	-0.618045069
"transferase complex"	GO:1990234	3	SPU_019875	-0.003832152
"transferase complex"	GO:1990234	3	SPU_020495	-0.211073689
"transferase complex"	GO:1990234	3	SPU_020994	0.514757564
"transferase complex"	GO:1990234	3	SPU_020995	-0.001513184
"transferase complex"	GO:1990234	3	SPU_021036	0.018429444
"transferase complex"	GO:1990234	3	SPU_021077	0.387153726
"transferase complex"	GO:1990234	3	SPU_021121	0.344692008
"transferase complex"	GO:1990234	3	SPU_021620	-0.025676121
"transferase complex"	GO:1990234	3	SPU_021625	-1.106317357
"transferase complex"	GO:1990234	3	SPU_022309	-0.166159974
"transferase complex"	GO:1990234	3	SPU_022327	0.000965071
"transferase complex"	GO:1990234	3	SPU_022674	-0.005527408
"transferase complex"	GO:1990234	3	SPU_022917	-0.144419774
"transferase complex"	GO:1990234	3	SPU_023729	0.88228332
"transferase complex"	GO:1990234	3	SPU_024153	0.337913872
"transferase complex"	GO:1990234	3	SPU_024737	0.215232729
"transferase complex"	GO:1990234	3	SPU_025541	0.85089112
"transferase complex"	GO:1990234	3	SPU_026147	0.1448937
"transferase complex"	GO:1990234	3	SPU_026535	-0.202930995
"transferase complex"	GO:1990234	3	SPU_027270	0.160091717
"transferase complex"	GO:1990234	3	SPU_028333	-1.12272963
"transferase complex"	GO:1990234	3	SPU_028524	-0.015987757
"transferase complex"	GO:1990234	3	SPU_028722	-0.13510641
"kinesin complex"	GO:0005871	3	SPU_001284	-0.076026603
"kinesin complex"	GO:0005871	3	SPU_001890	-1.289316405
"kinesin complex"	GO:0005871	3	SPU_002985	0.126028328
"kinesin complex"	GO:0005871	3	SPU_003717	-0.065522242
"kinesin complex"	GO:0005871	3	SPU_004224	0.290539781
"kinesin complex"	GO:0005871	3	SPU_005509	0.034266813
"kinesin complex"	GO:0005871	3	SPU_005741	0.097854886
"kinesin complex"	GO:0005871	3	SPU_006237	-0.257951623
"kinesin complex"	GO:0005871	3	SPU_006260	-1.403211236
"kinesin complex"	GO:0005871	3	SPU_006602	0.084481789
"kinesin complex"	GO:0005871	3	SPU_007505	-0.071164439
"kinesin complex"	GO:0005871	3	SPU_007560	0.025279046
"kinesin complex"	GO:0005871	3	SPU_008162	-1.25590701
"kinesin complex"	GO:0005871	3	SPU_009783	-0.093956736
"kinesin complex"	GO:0005871	3	SPU_010770	0.641598653
"kinesin complex"	GO:0005871	3	SPU_010954	-0.125853564
"kinesin complex"	GO:0005871	3	SPU_011353	0.197882066
"kinesin complex"	GO:0005871	3	SPU_012158	-0.833690079
"kinesin complex"	GO:0005871	3	SPU_012757	-0.861725751
"kinesin complex"	GO:0005871	3	SPU_012877	0.169568308
"kinesin complex"	GO:0005871	3	SPU_013236	-0.450091129
"kinesin complex"	GO:0005871	3	SPU_013729	0.284519689
"kinesin complex"	GO:0005871	3	SPU_014451	0.037550233
"kinesin complex"	GO:0005871	3	SPU_015809	0.018662736
"kinesin complex"	GO:0005871	3	SPU_016655	0.102689004
"kinesin complex"	GO:0005871	3	SPU_016664	0.464033697
"kinesin complex"	GO:0005871	3	SPU_018077	0.961225884
"kinesin complex"	GO:0005871	3	SPU_018388	0.894669948
"kinesin complex"	GO:0005871	3	SPU_018764	-0.567028374
"kinesin complex"	GO:0005871	3	SPU_018898	-0.137385957
"kinesin complex"	GO:0005871	3	SPU_019066	0.278246931
"kinesin complex"	GO:0005871	3	SPU_019165	0.09193086
"kinesin complex"	GO:0005871	3	SPU_020414	-0.401800158
"kinesin complex"	GO:0005871	3	SPU_020634	0.156981905
"kinesin complex"	GO:0005871	3	SPU_021317	-0.841189278
"kinesin complex"	GO:0005871	3	SPU_021656	-0.231618915
"kinesin complex"	GO:0005871	3	SPU_022160	-1.087518239
"kinesin complex"	GO:0005871	3	SPU_022840	0.080369586
"kinesin complex"	GO:0005871	3	SPU_022982	0.67713144
"kinesin complex"	GO:0005871	3	SPU_023126	0.049020176
"kinesin complex"	GO:0005871	3	SPU_023560	0.771109579
"kinesin complex"	GO:0005871	3	SPU_024588	-1.889744273
"kinesin complex"	GO:0005871	3	SPU_026237	-0.095667514
"kinesin complex"	GO:0005871	3	SPU_026280	0.172559651
"kinesin complex"	GO:0005871	3	SPU_026281	0.401306175
"kinesin complex"	GO:0005871	3	SPU_027552	2.583370258
"kinesin complex"	GO:0005871	3	SPU_028826	-0.054156446
"transcription regulator complex"	GO:0005667	2	SPU_000129	-0.251949108
"transcription regulator complex"	GO:0005667	2	SPU_001308	-0.299681453
"transcription regulator complex"	GO:0005667	2	SPU_001512	-0.0034677
"transcription regulator complex"	GO:0005667	2	SPU_003868	-0.154020938
"transcription regulator complex"	GO:0005667	2	SPU_004287	-0.133531365
"transcription regulator complex"	GO:0005667	2	SPU_006312	-0.05478828
"transcription regulator complex"	GO:0005667	2	SPU_007799	0.269828538
"transcription regulator complex"	GO:0005667	2	SPU_008516	-0.134971826
"transcription regulator complex"	GO:0005667	2	SPU_008517	-0.043058662
"transcription regulator complex"	GO:0005667	2	SPU_008840	0.035460658
"transcription regulator complex"	GO:0005667	2	SPU_009345	-0.07699053
"transcription regulator complex"	GO:0005667	2	SPU_009348	0.366843796
"transcription regulator complex"	GO:0005667	2	SPU_009651	-0.419292886
"transcription regulator complex"	GO:0005667	2	SPU_011091	-0.042511278
"transcription regulator complex"	GO:0005667	2	SPU_011658	-0.858022398
"transcription regulator complex"	GO:0005667	2	SPU_016687	-0.460584609
"transcription regulator complex"	GO:0005667	2	SPU_017407	-0.135480905
"transcription regulator complex"	GO:0005667	2	SPU_018246	0.32932354
"transcription regulator complex"	GO:0005667	2	SPU_019518	-0.88672007
"transcription regulator complex"	GO:0005667	2	SPU_020284	-1.487166697
"transcription regulator complex"	GO:0005667	2	SPU_020924	-1.682882511
"transcription regulator complex"	GO:0005667	2	SPU_022626	0.002784001
"transcription regulator complex"	GO:0005667	2	SPU_023346	-0.304517968
"transcription regulator complex"	GO:0005667	2	SPU_025671	1.351597236
"transcription regulator complex"	GO:0005667	2	SPU_027935	0.966694951
"transcription regulator complex"	GO:0005667	2	SPU_028430	-0.947346677
